"Group.1","Group.2","Tone_Household","Tone_Firms","Tone_Banks","Tone_Government"
"Yes","1949-Q1",1,1,1,NA
"No","1952-Q2",NA,NA,0,NA
"No","1952-Q4",1,NA,NA,NA
"No","1953-Q1",NA,NA,NA,NA
"No","1953-Q2",NA,NA,1,NA
"No","1953-Q3",0.2,NA,NA,NA
"No","1954-Q1",NA,NA,NA,NA
"No","1954-Q2",NA,NA,NA,NA
"No","1954-Q3",NA,NA,NA,NA
"No","1954-Q4",1,-1,0.5,NA
"No","1955-Q1",1,NA,1,NA
"No","1955-Q2",1,1,1,-1
"No","1955-Q3",NA,NA,0.6,NA
"No","1955-Q4",1,1,NA,NA
"No","1956-Q1",1,1,1,NA
"Yes","1956-Q1",NA,NA,NA,NA
"No","1956-Q2",1,-1,0.578947368421053,-1
"No","1956-Q3",1,0,1,NA
"Yes","1956-Q3",0,NA,NA,NA
"No","1956-Q4",0.666666666666667,-1,-1,NA
"Yes","1956-Q4",NA,NA,NA,NA
"No","1957-Q1",0.282051282051282,0,1,1
"No","1957-Q2",0.875,-0.583333333333333,0.428571428571429,1
"Yes","1957-Q2",1,NA,0.333333333333333,1
"No","1957-Q3",0.333333333333333,NA,0.5,1
"Yes","1957-Q3",1,NA,0,-1
"No","1957-Q4",0.458333333333333,0.0666666666666666,0.75,NA
"Yes","1957-Q4",1,1,0,-1
"No","1958-Q1",NA,0,1,NA
"Yes","1958-Q1",NA,NA,NA,NA
"No","1958-Q2",1,1,1,1
"Yes","1958-Q2",0.904761904761905,NA,-0.111111111111111,NA
"No","1958-Q3",NA,NA,NA,1
"No","1958-Q4",0.5,0.777777777777778,1,1
"No","1959-Q1",1,0.333333333333333,0.1875,NA
"Yes","1959-Q1",0.222222222222222,NA,NA,NA
"No","1959-Q2",1,1,0.333333333333333,1
"Yes","1959-Q2",-0.333333333333333,NA,1,NA
"No","1959-Q3",1,1,0,-1
"Yes","1959-Q3",NA,NA,1,1
"No","1959-Q4",1,-1,-1,NA
"Yes","1959-Q4",1,NA,NA,NA
"No","1960-Q1",1,-1,1,NA
"Yes","1960-Q1",1,NA,1,NA
"No","1960-Q2",1,NA,1,1
"Yes","1960-Q2",1,NA,-1,NA
"No","1960-Q4",NA,1,1,NA
"Yes","1960-Q4",NA,NA,NA,NA
"No","1961-Q1",1,NA,1,0
"Yes","1961-Q1",NA,NA,1,NA
"No","1961-Q2",1,NA,1,NA
"Yes","1961-Q2",1,1,1,NA
"No","1961-Q3",NA,-1,NA,-1
"Yes","1961-Q3",NA,NA,NA,NA
"No","1961-Q4",1,0,1,NA
"Yes","1961-Q4",1,NA,1,-1
"No","1962-Q1",1,1,1,0
"Yes","1962-Q1",1,1,0.333333333333333,NA
"No","1962-Q2",1,-1,0,-1
"Yes","1962-Q2",1,NA,1,NA
"No","1962-Q3",1,-0.333333333333333,0.5,1
"Yes","1962-Q3",0.444444444444444,1,1,0
"No","1962-Q4",1,-0.333333333333333,NA,NA
"Yes","1962-Q4",1,1,1,0.166666666666666
"No","1963-Q1",NA,1,1,NA
"Yes","1963-Q1",NA,0,1,1
"No","1963-Q2",1,0,0.333333333333333,NA
"Yes","1963-Q2",0.904761904761905,1,0.666666666666667,-0.6
"No","1963-Q3",-0.4,1,NA,-1
"Yes","1963-Q3",0.8,NA,1,NA
"No","1963-Q4",0,1,-1,0
"Yes","1963-Q4",NA,NA,NA,0
"No","1964-Q1",1,-1,1,-1
"Yes","1964-Q1",1,-1,NA,1
"No","1964-Q2",NA,NA,-1,NA
"Yes","1964-Q2",NA,NA,NA,0
"No","1964-Q3",NA,1,NA,0
"Yes","1964-Q3",NA,NA,NA,NA
"No","1964-Q4",1,-0.5,1,-1
"Yes","1964-Q4",NA,NA,NA,NA
"No","1965-Q1",1,NA,0.4,1
"Yes","1965-Q1",NA,NA,NA,NA
"No","1965-Q2",1,NA,-0.2,NA
"Yes","1965-Q2",NA,NA,NA,NA
"No","1965-Q3",NA,1,1,NA
"Yes","1965-Q3",1,NA,NA,NA
"No","1965-Q4",0.333333333333333,0.75,1,0
"Yes","1965-Q4",0.333333333333333,1,1,NA
"No","1966-Q1",0.444444444444444,1,1,-0.5
"Yes","1966-Q1",1,NA,NA,-1
"No","1966-Q2",-0.111111111111111,1,0.62962962962963,0
"Yes","1966-Q2",NA,NA,NA,NA
"No","1966-Q3",-1,1,0.34,1
"Yes","1966-Q3",-1,1,0.375,1
"No","1966-Q4",0.846153846153846,0.8,0.791666666666667,-0.2
"Yes","1966-Q4",0.333333333333333,1,0,NA
"No","1967-Q1",NA,NA,-0.2,-1
"Yes","1967-Q1",0.333333333333333,1,1,0.444444444444444
"No","1967-Q2",1,0.666666666666667,0.857142857142857,1
"Yes","1967-Q2",1,1,1,0.333333333333333
"No","1967-Q3",0.333333333333333,0.6,0,-1
"Yes","1967-Q3",1,1,NA,1
"No","1967-Q4",-0.111111111111111,-1,0.266666666666667,NA
"Yes","1967-Q4",1,0.5,0,-1
"No","1968-Q1",1,1,-1,-0.333333333333333
"Yes","1968-Q1",0.25,1,0.111111111111111,-1
"No","1968-Q2",0.611111111111111,1,-0.0408163265306123,-0.875
"Yes","1968-Q2",1,1,NA,-0.333333333333333
"No","1968-Q3",0.355555555555555,0.666666666666667,-0.428571428571429,1
"Yes","1968-Q3",1,1,1,-0.5
"No","1968-Q4",1,-1,-0.523809523809524,NA
"Yes","1968-Q4",NA,0.333333333333333,-1,1
"No","1969-Q1",0.5,1,0.75,0.409523809523809
"Yes","1969-Q1",-0.666666666666667,1,1,1
"No","1969-Q2",1,0.333333333333333,0,NA
"Yes","1969-Q2",-0.156462585034014,NA,1,-1
"No","1969-Q3",1,0,0.5,1
"Yes","1969-Q3",NA,NA,-1,NA
"No","1969-Q4",0.277777777777778,0.5,1,-1
"Yes","1969-Q4",-0.266666666666667,-1,1,1
"No","1970-Q1",0.25,0.5,0.333333333333333,-0.666666666666667
"Yes","1970-Q1",0,0.416666666666667,-1,0.6
"No","1970-Q2",-0.333333333333333,0.155555555555556,0.166666666666667,-1
"Yes","1970-Q2",-0.333333333333333,-0.5,-0.666666666666667,1
"No","1970-Q3",0.333333333333333,0.166666666666666,NA,-1
"Yes","1970-Q3",0.5,NA,1,0.875
"No","1970-Q4",0.228571428571429,-0.333333333333333,0.142857142857143,1
"Yes","1970-Q4",0,1,NA,-0.5
"No","1971-Q1",-0.0666666666666666,0.5,0.566666666666667,1
"Yes","1971-Q1",0.222222222222222,0.75,1,1
"No","1971-Q2",0.6,0.666666666666667,-0.222222222222222,0
"Yes","1971-Q2",0.183333333333333,0.5,1,-1
"No","1971-Q3",1,-1,NA,-1
"Yes","1971-Q3",0.5,0.333333333333333,NA,NA
"No","1971-Q4",-0.416666666666667,0.366666666666666,0.666666666666667,0
"Yes","1971-Q4",-0.533333333333333,-1,-0.2,-1
"No","1972-Q1",0.866666666666667,1,1,-1
"Yes","1972-Q1",-0.303030303030303,0.05,0.5,0.333333333333333
"No","1972-Q2",0.666666666666667,0.568181818181818,1,-0.111111111111111
"Yes","1972-Q2",-0.122222222222222,0.666666666666667,NA,NA
"No","1972-Q3",-0.428571428571428,0.333333333333333,0.333333333333333,-0.5
"Yes","1972-Q3",1,NA,NA,-0.5
"No","1972-Q4",0,0.6,0.666666666666667,-1
"Yes","1972-Q4",0.666666666666667,1,1,-0.333333333333333
"No","1973-Q1",0.212121212121212,NA,0.2,0.666666666666667
"Yes","1973-Q1",0.833333333333333,-0.5,1,1
"No","1973-Q2",1,0.2,0.5,-0.777777777777778
"Yes","1973-Q2",0.571428571428572,NA,0.888888888888889,-1
"No","1973-Q3",0,0.583333333333333,-0.166666666666667,0
"Yes","1973-Q3",0.166666666666666,-0.333333333333333,-0.4,NA
"No","1973-Q4",-0.5,0.3,0.333333333333333,1
"Yes","1973-Q4",-0.533333333333333,0.333333333333333,1,NA
"No","1974-Q1",0.166666666666667,-0.0555555555555553,-0.333333333333333,0
"Yes","1974-Q1",0.916666666666667,NA,-1,0
"No","1974-Q2",0.585185185185185,-0.833333333333333,0.407407407407407,-0.625
"Yes","1974-Q2",0,0.388888888888889,1,0
"No","1974-Q3",-0.476190476190476,-0.0793650793650794,0.238095238095238,0.142857142857143
"Yes","1974-Q3",0.125,1,0.333333333333333,0.333333333333333
"No","1974-Q4",0,0,-0.0666666666666666,NA
"Yes","1974-Q4",0.166666666666667,0.75,0.333333333333333,0
"No","1975-Q1",0.488888888888889,0.14,0.622222222222222,-0.266666666666667
"Yes","1975-Q1",-0.75,-0.888888888888889,0.5,0
"No","1975-Q2",0.356060606060606,0,-0.333333333333333,-0.75
"Yes","1975-Q2",0.0933333333333334,-1,1,-1
"No","1975-Q3",0.352380952380952,-0.533333333333333,0.6,-1
"Yes","1975-Q3",0.25,0.666666666666667,0.5,-0.19047619047619
"No","1975-Q4",0.428571428571429,-0.333333333333333,-0.25,-0.866666666666667
"Yes","1975-Q4",-0.75,0,0.733333333333333,-0.644444444444445
"No","1976-Q1",0.238095238095238,0.666666666666667,0.4,0
"Yes","1976-Q1",-1,-1,0.333333333333333,0.777777777777778
"No","1976-Q2",0.459259259259259,0.916666666666667,-0.25,-0.0416666666666668
"Yes","1976-Q2",0.666666666666667,NA,0,NA
"No","1976-Q3",-0.371428571428571,1,0,-1
"Yes","1976-Q3",1,-1,-1,1
"No","1976-Q4",-0.333333333333333,0,0.666666666666667,NA
"Yes","1976-Q4",0.5,-1,0.333333333333333,1
"No","1977-Q1",1,0.375,0.6,-1
"Yes","1977-Q1",-0.333333333333333,-0.333333333333333,NA,1
"No","1977-Q2",0.5,1,0.111111111111111,-1
"Yes","1977-Q2",-0.133333333333333,0,0,-1
"No","1977-Q3",0,NA,-1,1
"Yes","1977-Q3",-0.466666666666666,NA,NA,0
"No","1977-Q4",-0.25,0,0.5,-1
"Yes","1977-Q4",0.333333333333333,0.6,1,0.166666666666667
"No","1978-Q1",0.888888888888889,0,1,-0.6
"Yes","1978-Q1",-1,0.4,0.333333333333333,-0.6
"No","1978-Q2",-0.323809523809524,-0.15,0.6,-0.666666666666667
"Yes","1978-Q2",0.466666666666667,0,1,-0.714285714285714
"No","1978-Q3",0.2,0.15,0.333333333333333,-0.44
"Yes","1978-Q3",-0.166666666666666,0.666666666666667,NA,-1
"No","1978-Q4",-0.0211640211640212,-0.533333333333333,-0.2,-0.648148148148148
"Yes","1978-Q4",0.15,-0.166666666666666,-0.333333333333333,-0.666666666666667
"No","1979-Q1",0.538461538461538,0.583333333333333,-0.142857142857143,0.025
"Yes","1979-Q1",-0.19047619047619,-0.333333333333333,0.166666666666667,-0.8
"No","1979-Q2",0.8,-0.555555555555556,-0.416666666666667,-0.714285714285714
"Yes","1979-Q2",0.222222222222222,-0.777777777777778,1,0
"No","1979-Q3",-0.166666666666667,-0.166666666666667,0.333333333333333,-0.8125
"Yes","1979-Q3",-0.166666666666667,-0.333333333333333,NA,-0.333333333333333
"No","1979-Q4",0.25,0,0.0694444444444445,-0.146666666666667
"Yes","1979-Q4",-0.166666666666667,0,-0.785714285714285,1
"No","1980-Q1",0.185185185185185,0,0.075,0
"Yes","1980-Q1",-0.5,NA,1,0
"No","1980-Q2",0.137254901960784,-0.333333333333333,-0.133333333333333,-0.428571428571429
"Yes","1980-Q2",-0.833333333333333,-1,-0.166666666666667,0.166666666666667
"No","1980-Q3",0.227777777777778,-0.0468864468864469,0,0.0363636363636364
"Yes","1980-Q3",1,NA,-1,0
"No","1980-Q4",0.2,0.75,-0.638095238095238,1
"Yes","1980-Q4",0.333333333333333,1,0,0
"No","1981-Q1",0.571428571428571,0.444444444444445,-0.333333333333333,-0.428571428571429
"Yes","1981-Q1",-1,NA,0.133333333333333,-1
"No","1981-Q2",0.5,0.363636363636364,-0.431578947368421,-0.125
"Yes","1981-Q2",-1,NA,-0.166666666666667,-1
"No","1981-Q3",0.1,-0.6,0.355555555555556,0.0370370370370371
"Yes","1981-Q3",-1,-0.333333333333333,-0.5,-1
"No","1981-Q4",0.421052631578947,-0.818181818181818,-0.595238095238095,-0.532467532467532
"Yes","1981-Q4",-1,NA,0,-0.166666666666667
"No","1982-Q1",0.0333333333333333,1,-0.777777777777778,-0.2
"Yes","1982-Q1",-1,-1,1,-0.75
"No","1982-Q2",-0.0833333333333332,1,-0.111111111111111,0
"Yes","1982-Q2",-0.386666666666667,0,0.555555555555556,0.25
"No","1982-Q3",-0.2,-0.0666666666666668,-0.302483660130719,-0.714285714285714
"Yes","1982-Q3",1,NA,NA,NA
"No","1982-Q4",-0.333333333333333,1,0.625,-0.375
"Yes","1982-Q4",NA,1,1,-0.333333333333333
"No","1983-Q1",0.166666666666667,0.555555555555556,0,-1
"Yes","1983-Q1",-1,NA,0,-1
"No","1983-Q2",0.6,0.0833333333333332,0.5,-1
"Yes","1983-Q2",0.333333333333333,1,1,-1
"No","1983-Q3",0.5,1,0.8,1
"Yes","1983-Q3",NA,NA,1,-0.333333333333333
"No","1983-Q4",0,1,-0.0666666666666667,0.625
"Yes","1983-Q4",0.5,0.733333333333333,0.133333333333333,-0.2
"No","1984-Q1",0.185185185185185,0.333333333333333,0.703703703703704,-0.586296056884292
"Yes","1984-Q1",0.388888888888889,NA,NA,0.555555555555555
"No","1984-Q2",0.426587301587302,1,0.388528138528139,-0.416666666666667
"Yes","1984-Q2",-0.222222222222222,-1,1,-0.174603174603175
"No","1984-Q3",1,-1,0,-1
"Yes","1984-Q3",-1,NA,0.333333333333333,NA
"No","1984-Q4",0.5,0.9,0.733333333333333,-0.575
"No","1985-Q1",0.4,0.07,0.4,0
"Yes","1985-Q1",0.367857142857143,-0.0857142857142857,1,0.277777777777778
"No","1985-Q2",0.0416666666666667,0.555555555555556,0.0706959706959707,-0.494360902255639
"Yes","1985-Q2",0.222222222222222,-0.0333333333333333,0.5,0.79047619047619
"No","1985-Q3",-1,0.222222222222222,0.266666666666667,0.321428571428572
"Yes","1985-Q3",0.333333333333333,-1,-0.0833333333333332,-0.2
"No","1985-Q4",1,-0.416666666666667,-0.375,-0.396825396825397
"Yes","1985-Q4",0.783333333333333,0.942857142857143,0.166666666666667,-0.0185185185185186
"No","1986-Q1",1,NA,0.0909090909090909,-0.216666666666667
"Yes","1986-Q1",0.866666666666667,-0.5,-1,0.411111111111111
"No","1986-Q2",-0.5,0.06,-0.123809523809524,0.2
"Yes","1986-Q2",1,1,0.125,1
"No","1986-Q3",0.5,1,-1,-0.666666666666667
"Yes","1986-Q3",0.708333333333333,1,-1,-0.416666666666667
"No","1986-Q4",NA,NA,-0.0511363636363635,-1
"Yes","1986-Q4",0.666666666666667,0.611111111111111,0,0.466666666666667
"No","1987-Q1",-0.833333333333333,-0.857142857142857,0.104166666666667,-0.5
"Yes","1987-Q1",0.7,-0.07,0.412698412698413,-0.8
"No","1987-Q2",-0.333333333333333,0.75,0.0476190476190476,-0.625
"Yes","1987-Q2",0.166666666666666,-0.2,1,0.5
"No","1987-Q3",0.666666666666667,NA,NA,1
"Yes","1987-Q3",1,-1,0.666666666666667,0
"No","1987-Q4",1,-1,1.851275209519e-17,0
"Yes","1987-Q4",0.9375,0.553571428571429,0.181818181818182,-0.708333333333333
"No","1988-Q1",0.5,0,0.090909090909091,-1
"Yes","1988-Q1",0.311111111111111,-0.444444444444444,-0.617777777777778,-0.5
"No","1988-Q2",1,0.6,-0.142857142857143,-0.0833333333333332
"Yes","1988-Q2",0.333333333333333,NA,-0.5,-1
"No","1988-Q3",1,NA,0.4,NA
"Yes","1988-Q3",0.333333333333333,1,NA,-1
"No","1988-Q4",0,-1,0.104166666666667,-0.5
"Yes","1988-Q4",1,1,-1,-0.259259259259259
"No","1989-Q1",1,-0.68,-0.583333333333333,-0.722222222222222
"Yes","1989-Q1",0.0606060606060606,-0.06,0.333333333333333,-0.977777777777778
"No","1989-Q2",1,-0.285714285714285,-0.375,-0.541666666666667
"Yes","1989-Q2",-0.6,0.528571428571429,-0.238095238095238,-0.5
"No","1989-Q3",-1,-0.333333333333333,0,-1
"Yes","1989-Q3",-0.5,-0.666666666666667,NA,1
"No","1989-Q4",0.9375,1,-0.825396825396825,NA
"Yes","1989-Q4",0.261904761904762,0.444444444444445,0,1
"No","1990-Q1",0,-0.333333333333333,-0.435151515151515,-1
"Yes","1990-Q1",0.619047619047619,0.285714285714286,-0.366666666666667,0.119047619047619
"No","1990-Q2",NA,-0.142857142857143,-0.021256038647343,1
"Yes","1990-Q2",0.561904761904762,0.714285714285714,-0.284848484848485,0.333333333333333
"No","1990-Q3",1,-1,-0.0147515527950313,1
"Yes","1990-Q3",0,1,0.333333333333333,-1
"No","1990-Q4",NA,0,-0.290322580645161,NA
"Yes","1990-Q4",-0.666666666666667,1,-0.5,-0.6
"No","1991-Q1",1,1,-0.151515151515152,NA
"Yes","1991-Q1",0.542857142857143,-0.636363636363636,-0.238095238095238,-0.222222222222222
"No","1991-Q2",1,NA,-0.875,1
"Yes","1991-Q2",0.333333333333333,-1,-0.554166666666667,-1
"No","1991-Q3",0,NA,-0.3,-1
"Yes","1991-Q3",1,0.5,0.7,-0.12
"No","1991-Q4",1,NA,-0.244444444444444,NA
"Yes","1991-Q4",0.5,-0.5,0.416666666666667,0
"No","1992-Q1",0.666666666666667,1,-0.6,-1
"Yes","1992-Q1",0.857142857142857,-0.2,0.566666666666667,0.555555555555555
"No","1992-Q2",NA,NA,-0.155555555555555,-1
"Yes","1992-Q2",0.375,0.777777777777778,-0.0818070818070818,0.5
"No","1992-Q3",NA,NA,-0.4,-1
"Yes","1992-Q3",0.809523809523809,1,-0.0555555555555557,0.375
"No","1992-Q4",1,NA,-0.25,NA
"Yes","1992-Q4",0.555555555555555,1,0.75,0
"No","1993-Q1",0.0634920634920635,NA,-0.485714285714286,-0.333333333333333
"Yes","1993-Q1",0.425274725274725,0.407407407407407,0,-0.625
"No","1993-Q2",1,NA,-0.857142857142857,NA
"Yes","1993-Q2",0.666666666666667,0.714285714285714,-0.5,0
"No","1993-Q3",NA,1,0.333333333333333,-1
"Yes","1993-Q3",0.666666666666667,1,0.25,1
"No","1993-Q4",1,1,-1,NA
"Yes","1993-Q4",0.5,1,-0.111111111111111,-0.5
"No","1994-Q1",NA,1,0.666666666666667,-1
"Yes","1994-Q1",0.428571428571429,-0.25,-0.583333333333333,0.55
"No","1994-Q2",NA,1,0.333333333333333,NA
"Yes","1994-Q2",0.29047619047619,-0.25,-0.826388888888889,0.471428571428571
"No","1994-Q3",1,NA,-0.2,-1
"Yes","1994-Q3",0.666666666666667,1,0.0714285714285715,0.3
"No","1994-Q4",1,NA,0.25,NA
"Yes","1994-Q4",-0.245833333333333,1,0.430555555555556,0.433333333333333
"No","1995-Q1",NA,NA,0.5,NA
"Yes","1995-Q1",0.115384615384615,0.666666666666667,-0.166666666666667,-0.4
"Yes","1995-Q2",0.666666666666667,0.733333333333333,0.277777777777778,0.0476190476190476
"Yes","1995-Q3",0.333333333333333,1,0.6,-0.333333333333333
"Yes","1995-Q4",0.555555555555555,1,0.644444444444444,-0.444444444444444
"Yes","1996-Q1",1,1,0.0166666666666668,0
"No","1996-Q2",NA,1,0.4,NA
"Yes","1996-Q2",0.838888888888889,0.816666666666667,1,-0.6
"No","1996-Q3",1,NA,NA,NA
"Yes","1996-Q3",-1,-1,1,NA
"No","1996-Q4",0,0,1,1
"Yes","1996-Q4",0.0666666666666666,0.666666666666667,-1,-1
"No","1997-Q1",1,NA,-0.3125,0.333333333333333
"Yes","1997-Q1",0.727272727272727,1,0.666666666666667,-1
"No","1997-Q2",0.785714285714286,0.52,-0.19047619047619,-1
"Yes","1997-Q2",0.4375,0.783333333333333,0.273809523809524,-0.25
"No","1997-Q3",0.672727272727273,0.5,-0.833333333333333,NA
"Yes","1997-Q3",0.416666666666667,0.777777777777778,0.333333333333333,-0.333333333333333
"No","1997-Q4",1,NA,-0.222222222222222,0
"Yes","1997-Q4",0.444444444444444,1,-0.166666666666667,0.428571428571429
"No","1998-Q1",0.636363636363636,0.544444444444445,-0.417582417582418,0.333333333333333
"Yes","1998-Q1",0.650660450660451,0.683333333333333,0.666666666666667,0.111111111111111
"No","1998-Q2",0.666666666666667,0.366666666666667,-0.17288961038961,-0.166666666666667
"Yes","1998-Q2",-0.35,1,0.466666666666667,1
"No","1998-Q3",0.92,1,0.0619047619047618,1
"Yes","1998-Q3",0.916666666666667,0.558333333333333,0.24,NA
"No","1998-Q4",0.875,-0.24,-0.283950617283951,1
"Yes","1998-Q4",0.625,-0.00952380952380958,0.46,-1
"No","1999-Q1",0.942857142857143,0.166666666666667,-0.0208333333333333,0.166666666666666
"Yes","1999-Q1",0.657142857142857,0.837301587301587,0.471428571428571,0
"No","1999-Q2",0.868343195266272,-0.141025641025641,-0.650793650793651,1
"Yes","1999-Q2",0.667952249770432,1,0.5,-1
"No","1999-Q3",1,-0.0625,0.238095238095238,NA
"Yes","1999-Q3",0.792592592592593,1,0.272727272727273,NA
"No","1999-Q4",0.5,0.777777777777778,0.186666666666667,-1
"Yes","1999-Q4",0.64040404040404,0.598445998445998,0.728571428571429,1
"No","2000-Q1",0.962962962962963,0.166666666666667,0.185185185185185,1
"Yes","2000-Q1",0.651428571428571,0.470833333333333,0.5,0
"No","2000-Q2",0.923076923076923,0.806060606060606,0.444444444444444,1
"Yes","2000-Q2",0.770833333333333,0.552380952380952,0.382395382395382,1
"No","2000-Q3",1,1,0.0833333333333335,NA
"Yes","2000-Q3",0.840136054421769,0.714285714285714,0.355555555555556,-1
"No","2000-Q4",0.866666666666667,0.755555555555556,0.214285714285714,-1
"Yes","2000-Q4",0.87,0.785714285714286,1,1
"No","2001-Q1",0.3,0.423076923076923,-0.338095238095238,NA
"Yes","2001-Q1",0.380952380952381,0.459259259259259,-0.0571428571428572,-1
"No","2001-Q2",0.827777777777778,0.563492063492063,-0.328924162257496,0.5
"Yes","2001-Q2",0.575757575757576,0.791666666666667,0.387755102040816,1
"No","2001-Q3",0.5,0.4,0.8,-1
"Yes","2001-Q3",0,0.56,0,-1
"No","2001-Q4",0.25,0.571428571428571,0.167857142857143,0
"Yes","2001-Q4",0.2,-0.0222222222222222,0.466666666666667,-1
"No","2002-Q1",0.727272727272727,0.725925925925926,-0.134199134199134,-1
"Yes","2002-Q1",0.424242424242424,0.0204761904761904,-0.0666666666666667,0.5
"No","2002-Q2",1,1,0.148484848484848,NA
"Yes","2002-Q2",0.833333333333333,0.52,0.523809523809524,1
"No","2002-Q3",-1,0.666666666666667,0.625,1
"Yes","2002-Q3",-0.2,1,0.833333333333333,NA
"No","2002-Q4",0.756410256410256,0.844155844155844,0.27563025210084,-0.833333333333333
"Yes","2002-Q4",0.504761904761905,0.834415584415584,0.925925925925926,-0.2
"No","2003-Q1",0.616326530612245,0.875,-0.409090909090909,-1
"Yes","2003-Q1",0.314285714285714,0.79047619047619,-0.333333333333333,-1
"No","2003-Q2",0.80952380952381,0.851851851851852,-0.646167557932264,0
"Yes","2003-Q2",0.266666666666667,0.565972222222222,-0.0666666666666667,1
"No","2003-Q3",0.942857142857143,0.303921568627451,-0.16,-1
"Yes","2003-Q3",-0.298412698412699,1,1,-1
"No","2003-Q4",0.330687830687831,0.393333333333333,-0.304444444444444,-0.333333333333333
"Yes","2003-Q4",-0.19047619047619,0.678787878787879,0.666666666666667,-0.25
"No","2004-Q1",0.444444444444444,0.292997198879552,-0.150793650793651,-0.6
"Yes","2004-Q1",0.293650793650794,0.833333333333333,1,-1
"No","2004-Q2",0.164257481648786,0.598958333333333,-0.233333333333333,-0.6
"Yes","2004-Q2",-0.102941176470588,0.415079365079365,0.376623376623377,0
"No","2004-Q3",0.0476190476190477,0.430555555555555,-1,0
"Yes","2004-Q3",0.266666666666667,0.422222222222222,1,1
"No","2004-Q4",-0.19047619047619,0.283333333333333,-0.316666666666667,-0.6
"Yes","2004-Q4",0.367099567099567,0.345238095238095,0.777777777777778,1
"No","2005-Q1",0.26031746031746,0.27591706539075,-0.325602968460111,0.196581196581197
"Yes","2005-Q1",0.488888888888889,0.0674603174603174,0,0.542857142857143
"No","2005-Q2",0.221445221445221,0.691818181818182,-0.101443001443001,0.333333333333333
"Yes","2005-Q2",0.766081871345029,0.266666666666667,0.821499013806706,0.466666666666667
"No","2005-Q3",-0.0333333333333334,0.666666666666667,-0.203571428571429,1
"Yes","2005-Q3",0.714285714285715,0.5,0.142857142857143,1
"No","2005-Q4",0.307692307692308,0.0977777777777778,-0.161870808929632,-0.5
"Yes","2005-Q4",0.753846153846154,0.541666666666667,0.5,-0.777777777777778
"No","2006-Q1",0.666666666666667,0.5,0.0566666666666666,1
"Yes","2006-Q1",0.748484848484848,0.823529411764706,1,0.666666666666667
"No","2006-Q2",0.666666666666667,0.648148148148148,0.137756132756133,1
"Yes","2006-Q2",0.62037037037037,0.75,-0.142857142857143,-0.75
"No","2006-Q3",1,1,-0.277777777777778,NA
"Yes","2006-Q3",-0.5,1,1,-1
"No","2006-Q4",0.72,-0.0476190476190476,-0.214814814814815,0.777777777777778
"Yes","2006-Q4",0.524795717103409,0.544444444444444,-0.8,-1
"No","2007-Q1",0.5,0.560846560846561,-0.0808441558441558,NA
"Yes","2007-Q1",0.804785095856524,-0.431578947368421,0.642857142857143,-0.5
"No","2007-Q2",0.512820512820513,0.27,-0.160606060606061,0.5
"Yes","2007-Q2",0.571428571428571,-0.788888888888889,0.875,-1
"No","2007-Q3",0.333333333333333,1,-0.369047619047619,0
"Yes","2007-Q3",0.589277389277389,0.0916666666666666,-0.58421052631579,NA
"No","2007-Q4",-0.037037037037037,0.4,-0.466507936507936,1
"Yes","2007-Q4",0.285714285714286,0.6,-0.854166666666667,NA
"No","2008-Q1",0.305555555555556,-0.333333333333333,-0.530769230769231,NA
"Yes","2008-Q1",-0.411764705882353,0.666666666666667,-0.796296296296296,NA
"No","2008-Q2",0.257575757575758,-0.333333333333333,-0.329458450046685,-1
"Yes","2008-Q2",0.333333333333333,0.666666666666667,-1,-1
"No","2008-Q3",-1,NA,-0.236507936507936,NA
"Yes","2008-Q3",-0.571428571428571,-0.1,-0.555555555555556,NA
"No","2008-Q4",0.722222222222222,-0.25,-0.251851851851852,-1
"Yes","2008-Q4",-0.285714285714286,1,-0.0547619047619047,1
"No","2009-Q1",1,1,-0.0412698412698412,NA
"Yes","2009-Q1",0.166666666666667,0.384615384615385,-0.236666666666667,0.833333333333333
"No","2009-Q2",0.619047619047619,0.303030303030303,-0.0610966810966812,0.333333333333333
"Yes","2009-Q2",0.125,1,0.388888888888889,NA
"No","2009-Q3",-0.416666666666667,-0.333333333333333,-0.0277777777777779,NA
"Yes","2009-Q3",0.0518518518518519,0.333333333333333,-0.276262626262626,1
"No","2009-Q4",0.226190476190476,0.2,-0.146984126984127,0.75
"Yes","2009-Q4",-0.666666666666667,0.625,0.123809523809524,0.333333333333333
"No","2010-Q1",0,0.142857142857143,0.0230769230769231,0
"Yes","2010-Q1",-0.666666666666667,0.716666666666667,-0.59,-0.555555555555556
"No","2010-Q2",0.333333333333333,0.37037037037037,0.120879120879121,-0.5
"Yes","2010-Q2",0.194117647058824,0.478571428571429,-0.637037037037037,0.25
"No","2010-Q3",0.0972222222222222,0.5,-0.225,0.5
"Yes","2010-Q3",-0.107142857142857,0.36,-0.696969696969697,-0.657142857142857
"No","2010-Q4",0.513605442176871,0.333333333333333,-0.0625,0.65
"Yes","2010-Q4",0.134807256235828,0.555555555555556,0.333333333333333,-0.555555555555556
"No","2011-Q1",0.0624338624338624,0.514285714285714,0.0482517482517483,-1
"Yes","2011-Q1",0.125490196078431,0.428571428571429,0.148148148148148,0
"No","2011-Q2",0.272222222222222,0.428571428571429,-0.490668202764977,-0.25
"Yes","2011-Q2",0.238666666666667,0.5,-0.327272727272727,1
"No","2011-Q3",0.766666666666667,0.1,0.166666666666667,-1
"Yes","2011-Q3",0.0488888888888888,-0.185185185185185,-0.142857142857143,-0.2
"No","2011-Q4",0.0109649122807018,0.15,-0.438988095238095,-0.5
"Yes","2011-Q4",-0.0630952380952381,0.285714285714286,-0.791666666666667,-0.75
"No","2012-Q1",0.368,0.5,-0.256818181818182,NA
"Yes","2012-Q1",-0.0170634920634921,0.92,-0.858585858585858,0.166666666666667
"No","2012-Q2",0.438095238095238,-0.0666666666666666,-0.640989010989011,1
"Yes","2012-Q2",0.35525321239607,0.284848484848485,0.0833333333333334,-1
"No","2012-Q3",0.866666666666667,NA,0.2,-1
"Yes","2012-Q3",0.534126984126984,1,0.25,-0.5
"No","2012-Q4",0.637014032666207,-0.5,-0.524444444444444,-0.666666666666667
"Yes","2012-Q4",0.589635854341737,1,-1,-1
"No","2013-Q1",0.563492063492064,0,-0.516666666666667,-0.111111111111111
"Yes","2013-Q1",0.755128205128205,1,-0.917948717948718,-0.6
"No","2013-Q2",0.3,-0.0666666666666666,-0.365595942519019,0
"Yes","2013-Q2",0.573015873015873,0.444444444444444,-0.742733457019171,0
"No","2013-Q3",0.25,-1,-0.309640522875817,NA
"Yes","2013-Q3",0.725925925925926,1,-0.0666666666666666,NA
"No","2013-Q4",1,0.333333333333333,-0.212454212454212,-0.333333333333333
"Yes","2013-Q4",0.645962779051014,0.309090909090909,-0.285714285714286,0.272727272727273
"No","2014-Q1",0.175757575757576,0,-0.282312925170068,-0.666666666666667
"Yes","2014-Q1",0.566666666666667,0.45,-0.65,-0.666666666666667
"No","2014-Q2",0.482142857142857,-0.181818181818182,-0.261965811965812,-1
"Yes","2014-Q2",0.621212121212121,1,-0.498095238095238,0
"No","2014-Q3",0.71875,0.0666666666666667,0.0461538461538461,0.333333333333333
"Yes","2014-Q3",0.37037037037037,0.9,-0.571428571428571,-1
"No","2014-Q4",0.75,1,-0.351851851851852,0.666666666666667
"Yes","2014-Q4",0.376666666666667,1,0.0178571428571429,1
"No","2015-Q1",0.916666666666667,0.333333333333333,-0.383597883597884,1
"Yes","2015-Q1",0.659876543209877,0.666666666666667,-0.287698412698413,0
"No","2015-Q2",0.591666666666667,0.358333333333333,-0.530612244897959,0.5
"Yes","2015-Q2",0.570923520923521,0.777777777777778,-0.75,1
"No","2015-Q3",0.49375,0.0833333333333333,0.0238095238095239,-1
"Yes","2015-Q3",0.822222222222222,0.733333333333333,-0.333333333333333,-1
"No","2015-Q4",0.745421245421245,0.375,-0.323809523809524,0.666666666666667
"Yes","2015-Q4",0.572161172161172,1,0.111111111111111,-1
"No","2016-Q1",0.835164835164835,0.0476190476190477,-0.466666666666667,1
"Yes","2016-Q1",0.533106575963719,0.861111111111111,-0.25,1
"No","2016-Q2",0.930672268907563,0.166666666666667,-0.925925925925926,NA
"Yes","2016-Q2",0.696818181818182,0.18,0.2,-1
"No","2016-Q3",0.519230769230769,0.447619047619048,-0.46031746031746,NA
"Yes","2016-Q3",0.561111111111111,0.166666666666667,0,NA
"No","2016-Q4",0.5,-0.207142857142857,-0.503703703703704,0.6
"Yes","2016-Q4",0.373015873015873,0.5,-0.666666666666667,-0.333333333333333
"No","2017-Q1",0.671255411255411,-0.416666666666667,-0.333333333333333,0.857142857142857
"Yes","2017-Q1",0.684375,0.481481481481481,-0.1875,0.2
"No","2017-Q2",0.69047619047619,0.2,0.322637362637363,NA
"Yes","2017-Q2",0.6,1,-0.666666666666667,-1
"No","2017-Q3",0.864285714285714,0.738095238095238,0.0994152046783625,NA
"Yes","2017-Q3",0.530065359477124,0.3125,0.185185185185185,-1
"No","2017-Q4",0.933333333333333,NA,-0.166666666666667,NA
"Yes","2017-Q4",0.9375,0.5,0.8,-1
"No","2018-Q1",0.92,0.203703703703704,0.0923076923076924,1
"Yes","2018-Q1",0.712037037037037,0.555555555555555,-0.0666666666666666,0
"No","2018-Q2",0.496470588235294,0.866666666666667,-0.0787037037037037,1
"Yes","2018-Q2",0.822727272727273,0.833333333333333,0.176470588235294,1
"No","2018-Q3",0.803571428571428,0,0.266666666666667,-1
"Yes","2018-Q3",0.904761904761905,0.333333333333333,1,-1
"No","2018-Q4",0.792592592592593,0.625,0.166666666666667,-1
"Yes","2018-Q4",0.418181818181818,-0.375,-1,-1
"No","2019-Q1",0.925925925925926,0.666666666666667,-0.331481481481481,-1
"Yes","2019-Q1",0.831216931216931,-0.157777777777778,0,-0.6
"No","2019-Q2",0.839506172839506,0.277777777777778,-0.257142857142857,NA
"Yes","2019-Q2",0.675579322638146,0.148148148148148,0.15,-1
"No","2019-Q3",0.720899470899471,0,0.277777777777778,1
"Yes","2019-Q3",0.666666666666667,0.666666666666667,0.5,1
"No","2019-Q4",1,0,0.452380952380952,0
"Yes","2019-Q4",0.617948717948718,0.458333333333333,0.666666666666667,NA
"No","2020-Q1",1,0.333333333333333,-0.0055555555555555,0
"Yes","2020-Q1",0.9,0.285714285714286,0.8,1
"No","2020-Q2",NA,0.333333333333333,0.25,1
"Yes","2020-Q2",-0.333333333333333,0,1,NA
"No","2020-Q3",0.554978354978355,0,0.266666666666667,1
"Yes","2020-Q3",0.123809523809524,1,0.142857142857143,0.833333333333333
"No","2020-Q4",0.848484848484848,0.5,0.236363636363636,1
"Yes","2020-Q4",0.0928571428571428,1,0.333333333333333,1
"No","2021-Q1",0.406161616161616,0.4,-0.408263305322129,0.714285714285714
"Yes","2021-Q1",0.206926406926407,1,0.2,0
"No","2021-Q2",0.314285714285714,0,0.285714285714286,1
"Yes","2021-Q2",0.474358974358974,0.25,0.685714285714286,NA
"No","2021-Q3",0.513888888888889,1,0.75,NA
"Yes","2021-Q3",0.203703703703704,-0.333333333333333,0.333333333333333,NA
"No","2021-Q4",0.812121212121212,0.777777777777778,0.307692307692308,NA
"Yes","2021-Q4",0.833333333333333,-0.333333333333333,1,NA
"Yes","2022-Q1",1,0.5,-1,NA
