"","Banks$Tone"
"1",-1
"2",NA
"3",NA
"4",-0.2
"5",NA
"6",0.25
"7",NA
"8",1
"9",1
"10",NA
"11",-0.5
"12",NA
"13",-0.666666666666667
"14",NA
"15",NA
"16",-1
"17",0.5
"18",NA
"19",-1
"20",NA
"21",1
"22",1
"23",NA
"24",-1
"25",NA
"26",NA
"27",NA
"28",NA
"29",-0.25
"30",NA
"31",NA
"32",-1
"33",1
"34",-1
"35",-0.666666666666667
"36",-1
"37",-1
"38",0.733333333333333
"39",-1
"40",-0.478260869565217
"41",NA
"42",-0.2
"43",-0.333333333333333
"44",0
"45",1
"46",-0.882352941176471
"47",NA
"48",1
"49",0
"50",1
"51",-1
"52",1
"53",NA
"54",NA
"55",0.5
"56",NA
"57",NA
"58",1
"59",NA
"60",1
"61",NA
"62",0
"63",1
"64",NA
"65",NA
"66",1
"67",NA
"68",1
"69",NA
"70",NA
"71",0
"72",1
"73",-0.8
"74",1
"75",-0.8
"76",NA
"77",-1
"78",NA
"79",-0.6
"80",1
"81",NA
"82",1
"83",NA
"84",NA
"85",NA
"86",NA
"87",1
"88",-1
"89",-1
"90",-1
"91",0.333333333333333
"92",-0.333333333333333
"93",1
"94",0
"95",0
"96",-0.333333333333333
"97",0.333333333333333
"98",1
"99",-0.333333333333333
"100",NA
"101",NA
"102",NA
"103",NA
"104",-1
"105",NA
"106",-1
"107",NA
"108",NA
"109",NA
"110",-1
"111",NA
"112",NA
"113",1
"114",NA
"115",-1
"116",1
"117",NA
"118",NA
"119",1
"120",NA
"121",NA
"122",1
"123",NA
"124",0.333333333333333
"125",1
"126",-1
"127",-1
"128",1
"129",NA
"130",NA
"131",NA
"132",-1
"133",NA
"134",NA
"135",NA
"136",NA
"137",-0.333333333333333
"138",NA
"139",NA
"140",-1
"141",0
"142",0.2
"143",NA
"144",NA
"145",-1
"146",NA
"147",NA
"148",NA
"149",1
"150",1
"151",1
"152",NA
"153",NA
"154",NA
"155",1
"156",NA
"157",NA
"158",NA
"159",0
"160",NA
"161",-0.5
"162",NA
"163",-1
"164",0.5
"165",NA
"166",1
"167",-0.333333333333333
"168",NA
"169",0.272727272727273
"170",-1
"171",NA
"172",NA
"173",1
"174",-0.5
"175",1
"176",0
"177",NA
"178",NA
"179",0
"180",1
"181",-1
"182",NA
"183",NA
"184",-1
"185",-0.5
"186",1
"187",NA
"188",NA
"189",NA
"190",-1
"191",1
"192",-1
"193",0.2
"194",0.625
"195",NA
"196",-1
"197",NA
"198",0
"199",-1
"200",NA
"201",-1
"202",-0.111111111111111
"203",NA
"204",-1
"205",0.0909090909090909
"206",0.2
"207",0.2
"208",-0.111111111111111
"209",0.1
"210",NA
"211",-1
"212",NA
"213",0.0434782608695652
"214",-0.166666666666667
"215",-0.428571428571429
"216",1
"217",-0.130434782608696
"218",-0.290322580645161
"219",NA
"220",NA
"221",NA
"222",-1
"223",NA
"224",NA
"225",-0.75
"226",NA
"227",NA
"228",-1
"229",-0.6
"230",NA
"231",0
"232",NA
"233",1
"234",NA
"235",-1
"236",-0.733333333333333
"237",-1
"238",-1
"239",-1
"240",-0.333333333333333
"241",-0.333333333333333
"242",0.2
"243",-1
"244",NA
"245",0.2
"246",NA
"247",-1
"248",NA
"249",0
"250",-0.428571428571429
"251",-0.714285714285714
"252",NA
"253",-1
"254",NA
"255",0.2
"256",NA
"257",NA
"258",-1
"259",NA
"260",-0.714285714285714
"261",1
"262",1
"263",NA
"264",NA
"265",0
"266",NA
"267",NA
"268",1
"269",1
"270",0
"271",1
"272",0
"273",0.6
"274",-1
"275",-1
"276",0.5
"277",1
"278",0.5
"279",0.5
"280",-1
"281",NA
"282",NA
"283",-1
"284",1
"285",1
"286",0.333333333333333
"287",NA
"288",NA
"289",0.714285714285714
"290",1
"291",-1
"292",NA
"293",1
"294",NA
"295",1
"296",NA
"297",NA
"298",-1
"299",NA
"300",-0.333333333333333
"301",NA
"302",-0.5
"303",1
"304",-1
"305",-0.714285714285714
"306",NA
"307",NA
"308",-0.2
"309",NA
"310",1
"311",-1
"312",NA
"313",-0.6
"314",NA
"315",NA
"316",NA
"317",NA
"318",1
"319",-1
"320",0
"321",NA
"322",0.272727272727273
"323",-0.333333333333333
"324",1
"325",NA
"326",-1
"327",NA
"328",NA
"329",-1
"330",-1
"331",-1
"332",NA
"333",-1
"334",NA
"335",NA
"336",0.333333333333333
"337",NA
"338",1
"339",-1
"340",NA
"341",NA
"342",NA
"343",-1
"344",NA
"345",NA
"346",-1
"347",NA
"348",-1
"349",NA
"350",-1
"351",-1
"352",-1
"353",1
"354",-1
"355",0
"356",0
"357",-1
"358",-1
"359",1
"360",NA
"361",NA
"362",NA
"363",NA
"364",NA
"365",NA
"366",NA
"367",NA
"368",1
"369",NA
"370",NA
"371",NA
"372",NA
"373",-0.333333333333333
"374",NA
"375",NA
"376",NA
"377",NA
"378",NA
"379",NA
"380",1
"381",1
"382",1
"383",NA
"384",-1
"385",NA
"386",1
"387",NA
"388",0
"389",-1
"390",NA
"391",NA
"392",NA
"393",NA
"394",-0.6
"395",NA
"396",NA
"397",NA
"398",NA
"399",NA
"400",NA
"401",NA
"402",NA
"403",NA
"404",NA
"405",NA
"406",-1
"407",NA
"408",-1
"409",NA
"410",NA
"411",NA
"412",NA
"413",1
"414",NA
"415",1
"416",NA
"417",NA
"418",NA
"419",NA
"420",NA
"421",NA
"422",1
"423",NA
"424",NA
"425",NA
"426",NA
"427",NA
"428",NA
"429",NA
"430",NA
"431",NA
"432",NA
"433",NA
"434",NA
"435",NA
"436",NA
"437",1
"438",NA
"439",-1
"440",NA
"441",NA
"442",NA
"443",NA
"444",NA
"445",NA
"446",1
"447",NA
"448",NA
"449",0
"450",NA
"451",-1
"452",NA
"453",0.333333333333333
"454",NA
"455",NA
"456",NA
"457",NA
"458",1
"459",1
"460",NA
"461",-1
"462",1
"463",NA
"464",NA
"465",NA
"466",NA
"467",1
"468",-1
"469",NA
"470",-0.333333333333333
"471",1
"472",NA
"473",NA
"474",1
"475",NA
"476",-1
"477",1
"478",NA
"479",NA
"480",-1
"481",NA
"482",NA
"483",NA
"484",0.333333333333333
"485",NA
"486",1
"487",NA
"488",NA
"489",1
"490",NA
"491",NA
"492",NA
"493",1
"494",NA
"495",NA
"496",NA
"497",NA
"498",NA
"499",NA
"500",NA
"501",NA
"502",NA
"503",NA
"504",-0.6
"505",NA
"506",NA
"507",0
"508",NA
"509",NA
"510",NA
"511",NA
"512",NA
"513",NA
"514",NA
"515",NA
"516",NA
"517",NA
"518",NA
"519",1
"520",NA
"521",NA
"522",NA
"523",NA
"524",NA
"525",1
"526",NA
"527",NA
"528",NA
"529",1
"530",NA
"531",NA
"532",NA
"533",NA
"534",NA
"535",1
"536",-1
"537",NA
"538",NA
"539",0
"540",NA
"541",NA
"542",NA
"543",NA
"544",NA
"545",NA
"546",-1
"547",-1
"548",NA
"549",-0.5
"550",0.333333333333333
"551",1
"552",NA
"553",-1
"554",NA
"555",NA
"556",-1
"557",NA
"558",NA
"559",NA
"560",NA
"561",1
"562",1
"563",1
"564",NA
"565",NA
"566",NA
"567",NA
"568",NA
"569",NA
"570",NA
"571",1
"572",1
"573",1
"574",-1
"575",NA
"576",-1
"577",1
"578",NA
"579",NA
"580",1
"581",NA
"582",-1
"583",1
"584",NA
"585",NA
"586",NA
"587",NA
"588",NA
"589",NA
"590",NA
"591",NA
"592",-1
"593",NA
"594",NA
"595",NA
"596",-1
"597",NA
"598",NA
"599",NA
"600",NA
"601",0.2
"602",NA
"603",0.6
"604",-1
"605",-1
"606",NA
"607",NA
"608",1
"609",NA
"610",1
"611",NA
"612",NA
"613",NA
"614",NA
"615",NA
"616",NA
"617",1
"618",NA
"619",NA
"620",NA
"621",NA
"622",NA
"623",NA
"624",NA
"625",NA
"626",NA
"627",NA
"628",NA
"629",1
"630",NA
"631",0
"632",NA
"633",NA
"634",NA
"635",1
"636",NA
"637",NA
"638",NA
"639",1
"640",NA
"641",NA
"642",NA
"643",1
"644",1
"645",1
"646",0.2
"647",-0.333333333333333
"648",NA
"649",NA
"650",NA
"651",NA
"652",0.333333333333333
"653",NA
"654",-1
"655",-1
"656",NA
"657",NA
"658",NA
"659",NA
"660",NA
"661",NA
"662",1
"663",NA
"664",1
"665",1
"666",NA
"667",NA
"668",NA
"669",NA
"670",NA
"671",NA
"672",-1
"673",1
"674",1
"675",1
"676",-1
"677",NA
"678",NA
"679",NA
"680",-0.333333333333333
"681",1
"682",NA
"683",NA
"684",NA
"685",NA
"686",NA
"687",1
"688",1
"689",NA
"690",NA
"691",NA
"692",-1
"693",-1
"694",NA
"695",0
"696",-1
"697",-1
"698",NA
"699",0
"700",NA
"701",1
"702",NA
"703",1
"704",NA
"705",NA
"706",NA
"707",NA
"708",NA
"709",NA
"710",NA
"711",NA
"712",NA
"713",NA
"714",NA
"715",NA
"716",NA
"717",NA
"718",NA
"719",NA
"720",NA
"721",NA
"722",NA
"723",NA
"724",NA
"725",NA
"726",NA
"727",NA
"728",NA
"729",NA
"730",NA
"731",NA
"732",NA
"733",NA
"734",NA
"735",NA
"736",NA
"737",NA
"738",NA
"739",NA
"740",NA
"741",1
"742",NA
"743",NA
"744",-1
"745",-1
"746",-1
"747",NA
"748",NA
"749",NA
"750",NA
"751",NA
"752",NA
"753",NA
"754",NA
"755",NA
"756",NA
"757",NA
"758",NA
"759",NA
"760",NA
"761",NA
"762",NA
"763",-1
"764",NA
"765",0.2
"766",NA
"767",NA
"768",-1
"769",NA
"770",-1
"771",-1
"772",1
"773",1
"774",-0.333333333333333
"775",0
"776",1
"777",NA
"778",NA
"779",-1
"780",1
"781",NA
"782",NA
"783",NA
"784",0
"785",0.6
"786",-1
"787",NA
"788",-1
"789",NA
"790",-1
"791",-1
"792",NA
"793",0
"794",NA
"795",-1
"796",NA
"797",NA
"798",-1
"799",NA
"800",-1
"801",-1
"802",NA
"803",NA
"804",NA
"805",-1
"806",NA
"807",NA
"808",1
"809",-0.333333333333333
"810",NA
"811",-1
"812",NA
"813",NA
"814",-1
"815",-1
"816",-1
"817",NA
"818",-1
"819",1
"820",NA
"821",-0.333333333333333
"822",-1
"823",1
"824",-1
"825",-1
"826",-1
"827",NA
"828",NA
"829",1
"830",NA
"831",NA
"832",NA
"833",NA
"834",0
"835",0
"836",NA
"837",0
"838",NA
"839",1
"840",1
"841",0
"842",NA
"843",NA
"844",0.6
"845",NA
"846",NA
"847",-1
"848",NA
"849",0.333333333333333
"850",NA
"851",1
"852",0
"853",NA
"854",NA
"855",NA
"856",NA
"857",NA
"858",0.0909090909090909
"859",NA
"860",0
"861",0
"862",0
"863",NA
"864",NA
"865",NA
"866",NA
"867",1
"868",NA
"869",NA
"870",0.2
"871",NA
"872",0.333333333333333
"873",-0.428571428571429
"874",0
"875",0.333333333333333
"876",1
"877",NA
"878",NA
"879",-1
"880",NA
"881",NA
"882",-1
"883",NA
"884",-1
"885",1
"886",NA
"887",1
"888",NA
"889",NA
"890",NA
"891",NA
"892",NA
"893",-1
"894",0.333333333333333
"895",NA
"896",-1
"897",NA
"898",-1
"899",1
"900",NA
"901",NA
"902",NA
"903",1
"904",1
"905",1
"906",NA
"907",NA
"908",NA
"909",NA
"910",1
"911",0.157894736842105
"912",NA
"913",NA
"914",1
"915",NA
"916",NA
"917",-1
"918",1
"919",NA
"920",NA
"921",1
"922",1
"923",NA
"924",NA
"925",NA
"926",NA
"927",1
"928",NA
"929",NA
"930",NA
"931",NA
"932",NA
"933",1
"934",NA
"935",1
"936",1
"937",NA
"938",NA
"939",1
"940",1
"941",-1
"942",NA
"943",1
"944",1
"945",-1
"946",NA
"947",1
"948",NA
"949",NA
"950",NA
"951",1
"952",NA
"953",1
"954",NA
"955",NA
"956",1
"957",NA
"958",NA
"959",1
"960",NA
"961",NA
"962",NA
"963",NA
"964",NA
"965",NA
"966",1
"967",NA
"968",1
"969",NA
"970",NA
"971",NA
"972",1
"973",-1
"974",-1
"975",NA
"976",1
"977",NA
"978",NA
"979",NA
"980",-1
"981",NA
"982",1
"983",NA
"984",1
"985",-1
"986",-0.333333333333333
"987",NA
"988",-1
"989",NA
"990",NA
"991",NA
"992",-1
"993",NA
"994",-1
"995",NA
"996",NA
"997",0
"998",1
"999",NA
"1000",-0.2
"1001",-0.333333333333333
"1002",0
"1003",1
"1004",-0.84
"1005",NA
"1006",1
"1007",0
"1008",1
"1009",-1
"1010",1
"1011",NA
"1012",NA
"1013",0.5
"1014",NA
"1015",NA
"1016",1
"1017",NA
"1018",1
"1019",NA
"1020",0
"1021",1
"1022",NA
"1023",NA
"1024",1
"1025",NA
"1026",1
"1027",NA
"1028",NA
"1029",0
"1030",1
"1031",-0.8
"1032",1
"1033",-0.8
"1034",NA
"1035",-1
"1036",NA
"1037",-0.6
"1038",1
"1039",NA
"1040",1
"1041",NA
"1042",NA
"1043",NA
"1044",NA
"1045",1
"1046",-1
"1047",-1
"1048",-1
"1049",0.333333333333333
"1050",-0.333333333333333
"1051",1
"1052",0
"1053",0
"1054",-0.333333333333333
"1055",0.333333333333333
"1056",1
"1057",-0.333333333333333
"1058",NA
"1059",1
"1060",NA
"1061",-1
"1062",1
"1063",NA
"1064",NA
"1065",1
"1066",NA
"1067",NA
"1068",1
"1069",NA
"1070",0.333333333333333
"1071",1
"1072",-1
"1073",-1
"1074",1
"1075",NA
"1076",NA
"1077",NA
"1078",NA
"1079",-1
"1080",NA
"1081",NA
"1082",1
"1083",1
"1084",NA
"1085",NA
"1086",NA
"1087",-1
"1088",-1
"1089",NA
"1090",-1
"1091",NA
"1092",0
"1093",NA
"1094",NA
"1095",NA
"1096",NA
"1097",NA
"1098",-1
"1099",1
"1100",0
"1101",-0.5
"1102",NA
"1103",NA
"1104",1
"1105",NA
"1106",-0.454545454545455
"1107",NA
"1108",NA
"1109",NA
"1110",1
"1111",1
"1112",NA
"1113",NA
"1114",-1
"1115",NA
"1116",-0.333333333333333
"1117",0.5
"1118",1
"1119",NA
"1120",1
"1121",NA
"1122",0.333333333333333
"1123",NA
"1124",0.6
"1125",1
"1126",0.142857142857143
"1127",1
"1128",1
"1129",NA
"1130",NA
"1131",NA
"1132",NA
"1133",NA
"1134",NA
"1135",NA
"1136",NA
"1137",NA
"1138",0
"1139",0.333333333333333
"1140",1
"1141",NA
"1142",-1
"1143",1
"1144",NA
"1145",0
"1146",NA
"1147",-1
"1148",NA
"1149",NA
"1150",0.714285714285714
"1151",NA
"1152",NA
"1153",-1
"1154",-1
"1155",NA
"1156",NA
"1157",NA
"1158",NA
"1159",NA
"1160",NA
"1161",0.428571428571429
"1162",-1
"1163",NA
"1164",NA
"1165",1
"1166",NA
"1167",NA
"1168",0
"1169",1
"1170",0
"1171",1
"1172",NA
"1173",1
"1174",NA
"1175",NA
"1176",0
"1177",1
"1178",1
"1179",NA
"1180",NA
"1181",NA
"1182",1
"1183",1
"1184",NA
"1185",1
"1186",1
"1187",NA
"1188",1
"1189",NA
"1190",NA
"1191",NA
"1192",-1
"1193",NA
"1194",NA
"1195",1
"1196",1
"1197",NA
"1198",1
"1199",1
"1200",NA
"1201",NA
"1202",NA
"1203",NA
"1204",NA
"1205",NA
"1206",NA
"1207",NA
"1208",NA
"1209",1
"1210",1
"1211",NA
"1212",NA
"1213",NA
"1214",NA
"1215",NA
"1216",NA
"1217",NA
"1218",1
"1219",NA
"1220",1
"1221",1
"1222",NA
"1223",1
"1224",1
"1225",NA
"1226",NA
"1227",NA
"1228",0.333333333333333
"1229",NA
"1230",NA
"1231",NA
"1232",1
"1233",NA
"1234",NA
"1235",NA
"1236",NA
"1237",NA
"1238",NA
"1239",1
"1240",0.333333333333333
"1241",1
"1242",NA
"1243",NA
"1244",NA
"1245",-1
"1246",NA
"1247",1
"1248",-1
"1249",-1
"1250",-0.777777777777778
"1251",NA
"1252",NA
"1253",NA
"1254",1
"1255",-1
"1256",NA
"1257",-0.4
"1258",NA
"1259",NA
"1260",-1
"1261",NA
"1262",NA
"1263",NA
"1264",NA
"1265",NA
"1266",NA
"1267",NA
"1268",NA
"1269",NA
"1270",NA
"1271",NA
"1272",NA
"1273",NA
"1274",NA
"1275",NA
"1276",NA
"1277",NA
"1278",NA
"1279",NA
"1280",0
"1281",NA
"1282",NA
"1283",NA
"1284",NA
"1285",NA
"1286",NA
"1287",NA
"1288",NA
"1289",NA
"1290",1
"1291",NA
"1292",NA
"1293",NA
"1294",-1
"1295",NA
"1296",NA
"1297",NA
"1298",-1
"1299",NA
"1300",NA
"1301",NA
"1302",NA
"1303",-0.333333333333333
"1304",NA
"1305",NA
"1306",-1
"1307",0
"1308",1
"1309",NA
"1310",NA
"1311",-1
"1312",NA
"1313",NA
"1314",NA
"1315",1
"1316",1
"1317",1
"1318",NA
"1319",NA
"1320",NA
"1321",1
"1322",NA
"1323",-1
"1324",NA
"1325",0.333333333333333
"1326",NA
"1327",1
"1328",1
"1329",NA
"1330",NA
"1331",NA
"1332",1
"1333",1
"1334",NA
"1335",-0.333333333333333
"1336",1
"1337",-1
"1338",0
"1339",NA
"1340",NA
"1341",1
"1342",1
"1343",NA
"1344",1
"1345",1
"1346",1
"1347",-1
"1348",NA
"1349",-1
"1350",-1
"1351",1
"1352",NA
"1353",NA
"1354",NA
"1355",1
"1356",NA
"1357",NA
"1358",NA
"1359",0.2
"1360",NA
"1361",1
"1362",NA
"1363",NA
"1364",-1
"1365",1
"1366",NA
"1367",1
"1368",1
"1369",1
"1370",NA
"1371",NA
"1372",NA
"1373",NA
"1374",NA
"1375",NA
"1376",NA
"1377",NA
"1378",NA
"1379",-1
"1380",NA
"1381",NA
"1382",NA
"1383",NA
"1384",NA
"1385",NA
"1386",NA
"1387",NA
"1388",NA
"1389",NA
"1390",NA
"1391",NA
"1392",-0.333333333333333
"1393",-1
"1394",NA
"1395",NA
"1396",NA
"1397",NA
"1398",1
"1399",NA
"1400",NA
"1401",NA
"1402",NA
"1403",1
"1404",-1
"1405",NA
"1406",-0.5
"1407",NA
"1408",NA
"1409",1
"1410",NA
"1411",1
"1412",-1
"1413",1
"1414",NA
"1415",1
"1416",NA
"1417",1
"1418",NA
"1419",NA
"1420",0
"1421",1
"1422",NA
"1423",1
"1424",1
"1425",NA
"1426",NA
"1427",NA
"1428",NA
"1429",NA
"1430",NA
"1431",NA
"1432",1
"1433",NA
"1434",NA
"1435",1
"1436",1
"1437",NA
"1438",1
"1439",-1
"1440",NA
"1441",NA
"1442",NA
"1443",NA
"1444",NA
"1445",NA
"1446",NA
"1447",NA
"1448",1
"1449",NA
"1450",NA
"1451",1
"1452",1
"1453",1
"1454",1
"1455",NA
"1456",NA
"1457",NA
"1458",NA
"1459",1
"1460",NA
"1461",NA
"1462",NA
"1463",NA
"1464",-1
"1465",NA
"1466",-1
"1467",NA
"1468",1
"1469",NA
"1470",NA
"1471",1
"1472",NA
"1473",-1
"1474",NA
"1475",NA
"1476",NA
"1477",0
"1478",NA
"1479",NA
"1480",NA
"1481",NA
"1482",-1
"1483",NA
"1484",1
"1485",NA
"1486",NA
"1487",NA
"1488",-1
"1489",NA
"1490",NA
"1491",NA
"1492",1
"1493",NA
"1494",NA
"1495",NA
"1496",NA
"1497",NA
"1498",NA
"1499",NA
"1500",NA
"1501",1
"1502",NA
"1503",NA
"1504",NA
"1505",-0.333333333333333
"1506",NA
"1507",1
"1508",NA
"1509",NA
"1510",NA
"1511",-1
"1512",-0.5
"1513",1
"1514",NA
"1515",NA
"1516",-1
"1517",NA
"1518",NA
"1519",-1
"1520",1
"1521",1
"1522",0.333333333333333
"1523",NA
"1524",NA
"1525",0.714285714285714
"1526",1
"1527",-1
"1528",NA
"1529",1
"1530",NA
"1531",1
"1532",NA
"1533",NA
"1534",-1
"1535",NA
"1536",-0.333333333333333
"1537",NA
"1538",-0.5
"1539",1
"1540",-1
"1541",-0.714285714285714
"1542",NA
"1543",NA
"1544",-0.2
"1545",NA
"1546",1
"1547",-1
"1548",NA
"1549",-0.6
"1550",NA
"1551",NA
"1552",NA
"1553",NA
"1554",1
"1555",-1
"1556",0
"1557",NA
"1558",0.272727272727273
"1559",1
"1560",NA
"1561",-1
"1562",NA
"1563",NA
"1564",NA
"1565",NA
"1566",1
"1567",0
"1568",NA
"1569",NA
"1570",0.6
"1571",NA
"1572",-1
"1573",NA
"1574",1
"1575",NA
"1576",NA
"1577",NA
"1578",1
"1579",1
"1580",NA
"1581",NA
"1582",-0.25
"1583",NA
"1584",NA
"1585",NA
"1586",NA
"1587",NA
"1588",NA
"1589",NA
"1590",NA
"1591",NA
"1592",1
"1593",NA
"1594",NA
"1595",0
"1596",NA
"1597",-1
"1598",0.333333333333333
"1599",NA
"1600",-1
"1601",-1
"1602",NA
"1603",NA
"1604",NA
"1605",NA
"1606",0
"1607",NA
"1608",-1
"1609",1
"1610",NA
"1611",1
"1612",1
"1613",NA
"1614",NA
"1615",1
"1616",1
"1617",1
"1618",0
"1619",NA
"1620",1
"1621",NA
"1622",0
"1623",NA
"1624",0
"1625",0
"1626",1
"1627",NA
"1628",NA
"1629",NA
"1630",NA
"1631",NA
"1632",-1
"1633",NA
"1634",NA
"1635",-1
"1636",NA
"1637",NA
"1638",-1
"1639",-0.142857142857143
"1640",NA
"1641",1
"1642",NA
"1643",NA
"1644",NA
"1645",NA
"1646",NA
"1647",1
"1648",-1
"1649",NA
"1650",NA
"1651",1
"1652",NA
"1653",NA
"1654",NA
"1655",1
"1656",NA
"1657",NA
"1658",NA
"1659",-1
"1660",NA
"1661",NA
"1662",NA
"1663",1
"1664",NA
"1665",1
"1666",NA
"1667",NA
"1668",NA
"1669",1
"1670",NA
"1671",NA
"1672",NA
"1673",NA
"1674",NA
"1675",1
"1676",NA
"1677",NA
"1678",NA
"1679",NA
"1680",1
"1681",NA
"1682",1
"1683",NA
"1684",1
"1685",1
"1686",1
"1687",0.5
"1688",NA
"1689",1
"1690",NA
"1691",NA
"1692",1
"1693",NA
"1694",NA
"1695",1
"1696",NA
"1697",NA
"1698",-1
"1699",NA
"1700",NA
"1701",1
"1702",1
"1703",NA
"1704",NA
"1705",NA
"1706",NA
"1707",NA
"1708",-1
"1709",NA
"1710",NA
"1711",1
"1712",1
"1713",1
"1714",1
"1715",1
"1716",NA
"1717",-1
"1718",NA
"1719",1
"1720",NA
"1721",1
"1722",NA
"1723",NA
"1724",-1
"1725",NA
"1726",NA
"1727",-1
"1728",NA
"1729",-1
"1730",NA
"1731",-1
"1732",-1
"1733",-1
"1734",1
"1735",-1
"1736",0
"1737",0
"1738",-1
"1739",-1
"1740",1
"1741",NA
"1742",NA
"1743",NA
"1744",-1
"1745",NA
"1746",NA
"1747",-1
"1748",NA
"1749",-1
"1750",NA
"1751",-1
"1752",-1
"1753",-1
"1754",1
"1755",-1
"1756",0
"1757",0
"1758",-1
"1759",-1
"1760",1
"1761",NA
"1762",NA
"1763",NA
"1764",NA
"1765",NA
"1766",NA
"1767",NA
"1768",NA
"1769",NA
"1770",NA
"1771",NA
"1772",1
"1773",NA
"1774",NA
"1775",NA
"1776",NA
"1777",NA
"1778",NA
"1779",NA
"1780",NA
"1781",1
"1782",-0.2
"1783",NA
"1784",NA
"1785",-0.333333333333333
"1786",-1
"1787",NA
"1788",1
"1789",NA
"1790",NA
"1791",-1
"1792",1
"1793",NA
"1794",NA
"1795",-1
"1796",NA
"1797",-0.5
"1798",-1
"1799",NA
"1800",NA
"1801",NA
"1802",-1
"1803",NA
"1804",NA
"1805",0.5
"1806",NA
"1807",0
"1808",NA
"1809",1
"1810",-1
"1811",-1
"1812",NA
"1813",-0.333333333333333
"1814",-0.5
"1815",NA
"1816",0.75
"1817",0
"1818",NA
"1819",-1
"1820",NA
"1821",NA
"1822",NA
"1823",NA
"1824",-1
"1825",NA
"1826",NA
"1827",NA
"1828",1
"1829",-1
"1830",1
"1831",NA
"1832",-1
"1833",-1
"1834",-0.555555555555556
"1835",-1
"1836",NA
"1837",1
"1838",-1
"1839",NA
"1840",NA
"1841",-0.2
"1842",NA
"1843",-1
"1844",1
"1845",1
"1846",-0.428571428571429
"1847",0
"1848",NA
"1849",NA
"1850",-0.454545454545455
"1851",1
"1852",NA
"1853",NA
"1854",-1
"1855",NA
"1856",NA
"1857",-1
"1858",NA
"1859",-0.5
"1860",0
"1861",-0.428571428571429
"1862",NA
"1863",1
"1864",NA
"1865",NA
"1866",-1
"1867",NA
"1868",0
"1869",-1
"1870",-1
"1871",1
"1872",NA
"1873",-1
"1874",-0.428571428571429
"1875",-1
"1876",NA
"1877",-1
"1878",NA
"1879",NA
"1880",-0.333333333333333
"1881",NA
"1882",0.333333333333333
"1883",-1
"1884",1
"1885",0.2
"1886",1
"1887",-1
"1888",1
"1889",1
"1890",NA
"1891",-1
"1892",1
"1893",NA
"1894",NA
"1895",NA
"1896",-0.333333333333333
"1897",1
"1898",-1
"1899",NA
"1900",1
"1901",1
"1902",-0.333333333333333
"1903",1
"1904",-1
"1905",NA
"1906",NA
"1907",NA
"1908",NA
"1909",NA
"1910",NA
"1911",1
"1912",-1
"1913",NA
"1914",-1
"1915",-0.777777777777778
"1916",NA
"1917",NA
"1918",-1
"1919",NA
"1920",NA
"1921",NA
"1922",NA
"1923",1
"1924",NA
"1925",NA
"1926",NA
"1927",-0.777777777777778
"1928",NA
"1929",-1
"1930",-1
"1931",NA
"1932",NA
"1933",NA
"1934",NA
"1935",1
"1936",-1
"1937",NA
"1938",NA
"1939",1
"1940",NA
"1941",NA
"1942",-1
"1943",0
"1944",-1
"1945",NA
"1946",NA
"1947",1
"1948",-1
"1949",1
"1950",-0.25
"1951",0
"1952",0
"1953",1
"1954",0
"1955",-1
"1956",0.5
"1957",NA
"1958",NA
"1959",1
"1960",-1
"1961",NA
"1962",NA
"1963",1
"1964",NA
"1965",NA
"1966",NA
"1967",NA
"1968",0.5
"1969",NA
"1970",NA
"1971",NA
"1972",-0.333333333333333
"1973",NA
"1974",NA
"1975",NA
"1976",NA
"1977",NA
"1978",1
"1979",1
"1980",0
"1981",NA
"1982",NA
"1983",NA
"1984",NA
"1985",NA
"1986",1
"1987",NA
"1988",NA
"1989",NA
"1990",-1
"1991",-1
"1992",NA
"1993",NA
"1994",NA
"1995",1
"1996",1
"1997",1
"1998",NA
"1999",1
"2000",NA
"2001",1
"2002",NA
"2003",-0.333333333333333
"2004",1
"2005",NA
"2006",NA
"2007",NA
"2008",1
"2009",-1
"2010",NA
"2011",-1
"2012",1
"2013",NA
"2014",-1
"2015",0.142857142857143
"2016",-1
"2017",NA
"2018",1
"2019",NA
"2020",0.2
"2021",NA
"2022",1
"2023",0
"2024",NA
"2025",NA
"2026",NA
"2027",NA
"2028",0
"2029",0
"2030",NA
"2031",NA
"2032",NA
"2033",1
"2034",1
"2035",1
"2036",0
"2037",1
"2038",NA
"2039",NA
"2040",1
"2041",NA
"2042",NA
"2043",NA
"2044",NA
"2045",-0.428571428571429
"2046",NA
"2047",NA
"2048",NA
"2049",-0.142857142857143
"2050",-1
"2051",-0.833333333333333
"2052",-0.555555555555556
"2053",NA
"2054",0
"2055",NA
"2056",NA
"2057",NA
"2058",0
"2059",-1
"2060",NA
"2061",NA
"2062",-0.6
"2063",-0.333333333333333
"2064",0
"2065",-0.5
"2066",-0.6
"2067",0
"2068",NA
"2069",-0.333333333333333
"2070",NA
"2071",NA
"2072",NA
"2073",0.5
"2074",NA
"2075",1
"2076",NA
"2077",-0.6
"2078",0
"2079",0
"2080",NA
"2081",-1
"2082",NA
"2083",0
"2084",1
"2085",-1
"2086",NA
"2087",-0.142857142857143
"2088",NA
"2089",1
"2090",NA
"2091",NA
"2092",NA
"2093",NA
"2094",NA
"2095",1
"2096",NA
"2097",0.428571428571429
"2098",NA
"2099",0.5
"2100",1
"2101",1
"2102",0
"2103",0.5
"2104",0
"2105",NA
"2106",NA
"2107",1
"2108",1
"2109",NA
"2110",NA
"2111",1
"2112",0.333333333333333
"2113",-0.5
"2114",1
"2115",-1
"2116",-0.2
"2117",NA
"2118",NA
"2119",NA
"2120",0.333333333333333
"2121",0.666666666666667
"2122",1
"2123",NA
"2124",0
"2125",NA
"2126",-1
"2127",NA
"2128",NA
"2129",0
"2130",NA
"2131",-0.333333333333333
"2132",NA
"2133",-1
"2134",1
"2135",-1
"2136",-0.142857142857143
"2137",NA
"2138",NA
"2139",1
"2140",-1
"2141",0
"2142",0
"2143",NA
"2144",NA
"2145",NA
"2146",NA
"2147",0
"2148",NA
"2149",-1
"2150",-1
"2151",-1
"2152",NA
"2153",1
"2154",NA
"2155",-1
"2156",NA
"2157",-1
"2158",-1
"2159",1
"2160",1
"2161",-1
"2162",-1
"2163",-1
"2164",NA
"2165",0.333333333333333
"2166",0.5
"2167",0.6
"2168",NA
"2169",NA
"2170",0
"2171",0.2
"2172",1
"2173",NA
"2174",NA
"2175",NA
"2176",-1
"2177",-1
"2178",NA
"2179",1
"2180",NA
"2181",-0.818181818181818
"2182",-1
"2183",NA
"2184",-1
"2185",0
"2186",-1
"2187",-0.666666666666667
"2188",-1
"2189",-0.5
"2190",1
"2191",-1
"2192",NA
"2193",NA
"2194",-1
"2195",-1
"2196",-1
"2197",NA
"2198",NA
"2199",-1
"2200",NA
"2201",-1
"2202",NA
"2203",NA
"2204",-1
"2205",NA
"2206",-1
"2207",NA
"2208",1
"2209",NA
"2210",-1
"2211",NA
"2212",0
"2213",-0.5
"2214",0
"2215",-0.333333333333333
"2216",-1
"2217",0.333333333333333
"2218",-1
"2219",-1
"2220",-0.333333333333333
"2221",NA
"2222",NA
"2223",0.6
"2224",0
"2225",0
"2226",NA
"2227",NA
"2228",0
"2229",1
"2230",NA
"2231",-1
"2232",NA
"2233",-0.75
"2234",NA
"2235",-1
"2236",NA
"2237",NA
"2238",-1
"2239",NA
"2240",NA
"2241",NA
"2242",-1
"2243",NA
"2244",NA
"2245",NA
"2246",NA
"2247",NA
"2248",-1
"2249",NA
"2250",-1
"2251",-1
"2252",NA
"2253",NA
"2254",NA
"2255",-0.333333333333333
"2256",1
"2257",NA
"2258",-1
"2259",NA
"2260",NA
"2261",1
"2262",NA
"2263",-1
"2264",NA
"2265",0
"2266",NA
"2267",NA
"2268",-1
"2269",-1
"2270",NA
"2271",NA
"2272",-0.5
"2273",NA
"2274",0.333333333333333
"2275",NA
"2276",-1
"2277",1
"2278",NA
"2279",NA
"2280",NA
"2281",1
"2282",NA
"2283",-1
"2284",NA
"2285",NA
"2286",NA
"2287",-1
"2288",1
"2289",NA
"2290",NA
"2291",NA
"2292",NA
"2293",NA
"2294",NA
"2295",0
"2296",NA
"2297",-1
"2298",NA
"2299",-1
"2300",-1
"2301",NA
"2302",NA
"2303",-1
"2304",1
"2305",0
"2306",NA
"2307",NA
"2308",-1
"2309",NA
"2310",1
"2311",-1
"2312",NA
"2313",0
"2314",NA
"2315",NA
"2316",NA
"2317",NA
"2318",NA
"2319",NA
"2320",1
"2321",-0.111111111111111
"2322",NA
"2323",-0.428571428571429
"2324",0
"2325",-1
"2326",NA
"2327",-0.777777777777778
"2328",-1
"2329",0.333333333333333
"2330",-0.545454545454545
"2331",1
"2332",-1
"2333",-1
"2334",-1
"2335",NA
"2336",NA
"2337",1
"2338",NA
"2339",NA
"2340",1
"2341",1
"2342",-1
"2343",-0.333333333333333
"2344",1
"2345",NA
"2346",NA
"2347",0.333333333333333
"2348",-1
"2349",-1
"2350",0.666666666666667
"2351",0
"2352",NA
"2353",-0.2
"2354",0
"2355",-0.428571428571429
"2356",-1
"2357",1
"2358",-1
"2359",-0.454545454545455
"2360",-0.333333333333333
"2361",0
"2362",0.333333333333333
"2363",0
"2364",0.333333333333333
"2365",-0.8
"2366",0
"2367",NA
"2368",NA
"2369",0
"2370",-1
"2371",1
"2372",0.0909090909090909
"2373",-0.5
"2374",NA
"2375",NA
"2376",-0.6
"2377",NA
"2378",NA
"2379",NA
"2380",-0.2
"2381",1
"2382",1
"2383",NA
"2384",-1
"2385",NA
"2386",-1
"2387",0
"2388",-1
"2389",-1
"2390",-1
"2391",1
"2392",-1
"2393",NA
"2394",NA
"2395",0
"2396",NA
"2397",NA
"2398",0
"2399",NA
"2400",NA
"2401",-0.142857142857143
"2402",NA
"2403",-1
"2404",-0.142857142857143
"2405",NA
"2406",NA
"2407",1
"2408",-0.272727272727273
"2409",NA
"2410",NA
"2411",NA
"2412",-0.666666666666667
"2413",NA
"2414",-0.333333333333333
"2415",1
"2416",1
"2417",-1
"2418",NA
"2419",0
"2420",NA
"2421",-0.6
"2422",-1
"2423",-0.333333333333333
"2424",NA
"2425",NA
"2426",NA
"2427",-0.333333333333333
"2428",NA
"2429",NA
"2430",NA
"2431",0
"2432",NA
"2433",-0.5
"2434",NA
"2435",1
"2436",NA
"2437",NA
"2438",0
"2439",NA
"2440",-0.0909090909090909
"2441",1
"2442",0
"2443",NA
"2444",0
"2445",NA
"2446",1
"2447",NA
"2448",-0.5
"2449",0.285714285714286
"2450",-1
"2451",NA
"2452",-0.6
"2453",1
"2454",-0.111111111111111
"2455",NA
"2456",1
"2457",NA
"2458",-1
"2459",-0.428571428571429
"2460",1
"2461",NA
"2462",0.2
"2463",NA
"2464",1
"2465",NA
"2466",-1
"2467",-0.5
"2468",0.333333333333333
"2469",-0.2
"2470",NA
"2471",0
"2472",-0.4
"2473",0
"2474",-1
"2475",1
"2476",NA
"2477",NA
"2478",1
"2479",NA
"2480",0.333333333333333
"2481",NA
"2482",0
"2483",-0.333333333333333
"2484",NA
"2485",-0.5
"2486",-1
"2487",-0.75
"2488",-1
"2489",NA
"2490",0
"2491",-0.6
"2492",-0.166666666666667
"2493",0
"2494",NA
"2495",NA
"2496",-0.714285714285714
"2497",0
"2498",NA
"2499",-0.6
"2500",-1
"2501",-0.333333333333333
"2502",-0.75
"2503",0.333333333333333
"2504",NA
"2505",-1
"2506",-1
"2507",1
"2508",-1
"2509",0.428571428571429
"2510",NA
"2511",-1
"2512",-0.333333333333333
"2513",NA
"2514",0.2
"2515",0.333333333333333
"2516",NA
"2517",NA
"2518",NA
"2519",NA
"2520",NA
"2521",NA
"2522",NA
"2523",-1
"2524",0
"2525",1
"2526",1
"2527",-1
"2528",-1
"2529",NA
"2530",0.2
"2531",NA
"2532",-1
"2533",-0.5
"2534",NA
"2535",-0.714285714285714
"2536",NA
"2537",1
"2538",NA
"2539",NA
"2540",NA
"2541",NA
"2542",NA
"2543",-0.333333333333333
"2544",1
"2545",1
"2546",-0.8
"2547",-0.5
"2548",NA
"2549",0
"2550",-0.875
"2551",0
"2552",NA
"2553",-0.666666666666667
"2554",0.333333333333333
"2555",-1
"2556",-1
"2557",NA
"2558",0.5
"2559",-0.75
"2560",-0.75
"2561",-1
"2562",0.555555555555556
"2563",-1
"2564",-0.333333333333333
"2565",0.333333333333333
"2566",0
"2567",0.333333333333333
"2568",-1
"2569",1
"2570",0.333333333333333
"2571",NA
"2572",-1
"2573",-0.333333333333333
"2574",-0.333333333333333
"2575",-0.5
"2576",NA
"2577",0.777777777777778
"2578",-0.6
"2579",-1
"2580",NA
"2581",NA
"2582",NA
"2583",NA
"2584",NA
"2585",-0.666666666666667
"2586",NA
"2587",0
"2588",-0.2
"2589",0
"2590",-0.5
"2591",-0.6
"2592",0.142857142857143
"2593",-0.666666666666667
"2594",0.333333333333333
"2595",-1
"2596",0
"2597",NA
"2598",0
"2599",NA
"2600",-0.0588235294117647
"2601",-0.333333333333333
"2602",-0.333333333333333
"2603",NA
"2604",NA
"2605",-0.714285714285714
"2606",-0.333333333333333
"2607",-1
"2608",NA
"2609",-1
"2610",-1
"2611",NA
"2612",1
"2613",-1
"2614",-1
"2615",NA
"2616",-0.5
"2617",1
"2618",0
"2619",NA
"2620",NA
"2621",-0.733333333333333
"2622",-1
"2623",-0.666666666666667
"2624",-1
"2625",NA
"2626",NA
"2627",-1
"2628",NA
"2629",-0.2
"2630",0.428571428571429
"2631",-1
"2632",-1
"2633",-0.4
"2634",0.333333333333333
"2635",0.333333333333333
"2636",-0.2
"2637",-0.5
"2638",1
"2639",1
"2640",-1
"2641",0.333333333333333
"2642",-0.333333333333333
"2643",NA
"2644",0.333333333333333
"2645",NA
"2646",-0.777777777777778
"2647",1
"2648",-1
"2649",1
"2650",-0.777777777777778
"2651",0.5
"2652",-0.5
"2653",NA
"2654",NA
"2655",-1
"2656",0.333333333333333
"2657",-0.5
"2658",1
"2659",-0.428571428571429
"2660",NA
"2661",0.5
"2662",NA
"2663",-1
"2664",1
"2665",0.5
"2666",-1
"2667",1
"2668",-0.2
"2669",-1
"2670",0.333333333333333
"2671",-0.454545454545455
"2672",-0.5
"2673",0
"2674",-0.5
"2675",1
"2676",-1
"2677",0.2
"2678",0
"2679",0
"2680",0.428571428571429
"2681",-1
"2682",-1
"2683",1
"2684",0
"2685",NA
"2686",-0.75
"2687",1
"2688",NA
"2689",NA
"2690",NA
"2691",1
"2692",-0.75
"2693",NA
"2694",NA
"2695",-0.8
"2696",-1
"2697",-0.333333333333333
"2698",NA
"2699",1
"2700",0.333333333333333
"2701",-1
"2702",1
"2703",-1
"2704",0
"2705",NA
"2706",-1
"2707",NA
"2708",NA
"2709",1
"2710",NA
"2711",1
"2712",0.5
"2713",0
"2714",NA
"2715",-1
"2716",NA
"2717",NA
"2718",NA
"2719",1
"2720",NA
"2721",-1
"2722",-0.428571428571429
"2723",1
"2724",1
"2725",NA
"2726",-0.5
"2727",1
"2728",-0.333333333333333
"2729",NA
"2730",-0.2
"2731",0.2
"2732",-0.75
"2733",-0.25
"2734",0.5
"2735",1
"2736",0.333333333333333
"2737",-1
"2738",1
"2739",-1
"2740",-0.2
"2741",NA
"2742",-1
"2743",-0.333333333333333
"2744",-0.5
"2745",-1
"2746",-0.25
"2747",NA
"2748",1
"2749",NA
"2750",-0.428571428571429
"2751",-1
"2752",0
"2753",0
"2754",0
"2755",-1
"2756",1
"2757",NA
"2758",1
"2759",-1
"2760",NA
"2761",-1
"2762",-1
"2763",-0.870967741935484
"2764",-1
"2765",NA
"2766",NA
"2767",NA
"2768",1
"2769",-0.333333333333333
"2770",-0.75
"2771",NA
"2772",NA
"2773",NA
"2774",NA
"2775",0.714285714285714
"2776",-0.666666666666667
"2777",-0.538461538461538
"2778",NA
"2779",-0.230769230769231
"2780",-1
"2781",NA
"2782",1
"2783",-1
"2784",1
"2785",1
"2786",1
"2787",-0.2
"2788",0.5
"2789",-1
"2790",-0.5
"2791",NA
"2792",-0.777777777777778
"2793",0.5
"2794",-1
"2795",1
"2796",-1
"2797",NA
"2798",NA
"2799",-1
"2800",-0.466666666666667
"2801",-1
"2802",NA
"2803",0
"2804",NA
"2805",NA
"2806",0
"2807",NA
"2808",0.6
"2809",-1
"2810",-1
"2811",-1
"2812",0.2
"2813",-0.571428571428571
"2814",-0.538461538461538
"2815",-1
"2816",-1
"2817",0
"2818",-0.5
"2819",-1
"2820",NA
"2821",NA
"2822",-1
"2823",1
"2824",-0.6
"2825",-1
"2826",1
"2827",-0.454545454545455
"2828",-1
"2829",0
"2830",NA
"2831",0
"2832",1
"2833",-0.555555555555556
"2834",-0.333333333333333
"2835",NA
"2836",-1
"2837",1
"2838",-0.428571428571429
"2839",-1
"2840",0.555555555555556
"2841",-0.666666666666667
"2842",0
"2843",NA
"2844",NA
"2845",-1
"2846",-0.333333333333333
"2847",NA
"2848",NA
"2849",-0.294117647058824
"2850",-0.111111111111111
"2851",-0.5
"2852",-0.333333333333333
"2853",-1
"2854",-0.5
"2855",0
"2856",-0.538461538461538
"2857",NA
"2858",NA
"2859",0.333333333333333
"2860",-0.714285714285714
"2861",-0.5
"2862",-1
"2863",-0.333333333333333
"2864",NA
"2865",-1
"2866",0
"2867",NA
"2868",-0.5
"2869",1
"2870",NA
"2871",NA
"2872",1
"2873",-1
"2874",-0.833333333333333
"2875",-0.333333333333333
"2876",-1
"2877",NA
"2878",-0.5
"2879",NA
"2880",-1
"2881",-0.5
"2882",0
"2883",-1
"2884",-0.5
"2885",0.333333333333333
"2886",-0.333333333333333
"2887",-1
"2888",0
"2889",-1
"2890",0
"2891",NA
"2892",0.333333333333333
"2893",NA
"2894",NA
"2895",-1
"2896",NA
"2897",-1
"2898",1
"2899",1
"2900",NA
"2901",-0.4
"2902",0.0769230769230769
"2903",-0.4
"2904",-0.538461538461538
"2905",-0.5
"2906",NA
"2907",NA
"2908",1
"2909",-0.2
"2910",NA
"2911",-0.333333333333333
"2912",NA
"2913",-1
"2914",NA
"2915",-1
"2916",-0.333333333333333
"2917",NA
"2918",NA
"2919",-0.75
"2920",1
"2921",NA
"2922",0
"2923",-0.142857142857143
"2924",-0.75
"2925",-0.6
"2926",-1
"2927",NA
"2928",1
"2929",NA
"2930",NA
"2931",-0.714285714285714
"2932",-1
"2933",NA
"2934",NA
"2935",NA
"2936",0
"2937",0
"2938",NA
"2939",NA
"2940",0
"2941",NA
"2942",NA
"2943",-0.6
"2944",NA
"2945",1
"2946",-1
"2947",1
"2948",NA
"2949",0
"2950",1
"2951",-0.833333333333333
"2952",-1
"2953",-1
"2954",1
"2955",-1
"2956",NA
"2957",0
"2958",-1
"2959",NA
"2960",NA
"2961",NA
"2962",-0.714285714285714
"2963",NA
"2964",-1
"2965",NA
"2966",NA
"2967",NA
"2968",-1
"2969",-0.75
"2970",NA
"2971",-1
"2972",-0.285714285714286
"2973",-1
"2974",-0.25
"2975",1
"2976",0.333333333333333
"2977",-0.5
"2978",NA
"2979",NA
"2980",-0.6
"2981",NA
"2982",NA
"2983",-1
"2984",-1
"2985",NA
"2986",NA
"2987",-0.333333333333333
"2988",0
"2989",NA
"2990",NA
"2991",-0.6
"2992",-1
"2993",-1
"2994",NA
"2995",1
"2996",NA
"2997",1
"2998",-1
"2999",NA
"3000",-1
"3001",NA
"3002",-0.333333333333333
"3003",-1
"3004",-0.428571428571429
"3005",-1
"3006",-0.555555555555556
"3007",NA
"3008",-1
"3009",-1
"3010",-1
"3011",-1
"3012",NA
"3013",NA
"3014",-1
"3015",-0.6
"3016",NA
"3017",NA
"3018",-1
"3019",-0.333333333333333
"3020",-0.333333333333333
"3021",1
"3022",-1
"3023",NA
"3024",-1
"3025",NA
"3026",NA
"3027",NA
"3028",NA
"3029",1
"3030",1
"3031",NA
"3032",0
"3033",-1
"3034",-1
"3035",NA
"3036",-1
"3037",NA
"3038",NA
"3039",NA
"3040",1
"3041",1
"3042",0.263157894736842
"3043",-1
"3044",NA
"3045",NA
"3046",NA
"3047",NA
"3048",0.333333333333333
"3049",1
"3050",0
"3051",-0.142857142857143
"3052",0.6
"3053",-1
"3054",NA
"3055",1
"3056",NA
"3057",NA
"3058",1
"3059",1
"3060",0
"3061",NA
"3062",NA
"3063",-0.230769230769231
"3064",-1
"3065",NA
"3066",NA
"3067",-1
"3068",NA
"3069",1
"3070",NA
"3071",NA
"3072",NA
"3073",NA
"3074",NA
"3075",NA
"3076",NA
"3077",-0.333333333333333
"3078",-0.142857142857143
"3079",NA
"3080",0
"3081",NA
"3082",1
"3083",NA
"3084",0.142857142857143
"3085",NA
"3086",NA
"3087",1
"3088",NA
"3089",NA
"3090",NA
"3091",NA
"3092",NA
"3093",-1
"3094",NA
"3095",NA
"3096",1
"3097",-1
"3098",1
"3099",1
"3100",-0.666666666666667
"3101",0.555555555555556
"3102",-1
"3103",1
"3104",0
"3105",-1
"3106",-1
"3107",-1
"3108",1
"3109",1
"3110",-1
"3111",NA
"3112",1
"3113",-0.5
"3114",1
"3115",-1
"3116",-0.538461538461538
"3117",1
"3118",NA
"3119",NA
"3120",NA
"3121",0
"3122",NA
"3123",NA
"3124",NA
"3125",NA
"3126",1
"3127",NA
"3128",0.714285714285714
"3129",1
"3130",NA
"3131",NA
"3132",NA
"3133",NA
"3134",0
"3135",NA
"3136",NA
"3137",NA
"3138",NA
"3139",-1
"3140",1
"3141",NA
"3142",-0.333333333333333
"3143",1
"3144",NA
"3145",0
"3146",NA
"3147",1
"3148",NA
"3149",0
"3150",NA
"3151",NA
"3152",0
"3153",NA
"3154",NA
"3155",NA
"3156",NA
"3157",-1
"3158",NA
"3159",NA
"3160",-1
"3161",-0.6
"3162",NA
"3163",-0.714285714285714
"3164",NA
"3165",NA
"3166",0
"3167",NA
"3168",1
"3169",NA
"3170",NA
"3171",NA
"3172",1
"3173",NA
"3174",NA
"3175",NA
"3176",-1
"3177",0
"3178",0
"3179",1
"3180",1
"3181",-0.111111111111111
"3182",NA
"3183",-1
"3184",NA
"3185",NA
"3186",-1
"3187",-1
"3188",NA
"3189",NA
"3190",NA
"3191",NA
"3192",NA
"3193",0.333333333333333
"3194",-0.2
"3195",NA
"3196",-1
"3197",NA
"3198",-1
"3199",-1
"3200",0.6
"3201",NA
"3202",0
"3203",1
"3204",NA
"3205",0.666666666666667
"3206",NA
"3207",1
"3208",NA
"3209",-1
"3210",NA
"3211",-0.666666666666667
"3212",1
"3213",NA
"3214",-1
"3215",0
"3216",1
"3217",NA
"3218",NA
"3219",NA
"3220",1
"3221",NA
"3222",-1
"3223",-1
"3224",-1
"3225",1
"3226",1
"3227",NA
"3228",1
"3229",1
"3230",1
"3231",-0.333333333333333
"3232",NA
"3233",-1
"3234",0
"3235",NA
"3236",NA
"3237",1
"3238",1
"3239",NA
"3240",NA
"3241",1
"3242",NA
"3243",NA
"3244",NA
"3245",-1
"3246",0.6
"3247",0.2
"3248",-0.5
"3249",-0.333333333333333
"3250",NA
"3251",NA
"3252",NA
"3253",1
"3254",-1
"3255",-1
"3256",0
"3257",1
"3258",1
"3259",1
"3260",1
"3261",NA
"3262",NA
"3263",NA
"3264",1
"3265",NA
"3266",1
"3267",NA
"3268",NA
"3269",-1
"3270",-1
"3271",NA
"3272",NA
"3273",1
"3274",NA
"3275",0
"3276",NA
"3277",NA
"3278",1
"3279",1
"3280",NA
"3281",NA
"3282",NA
"3283",NA
"3284",NA
"3285",1
"3286",-1
"3287",1
"3288",-1
"3289",NA
"3290",0
"3291",1
"3292",1
"3293",NA
"3294",NA
"3295",NA
"3296",NA
"3297",NA
"3298",1
"3299",NA
"3300",-1
"3301",-1
"3302",NA
"3303",NA
"3304",0.0588235294117647
"3305",NA
"3306",NA
"3307",NA
"3308",NA
"3309",-0.333333333333333
"3310",-1
"3311",NA
"3312",NA
"3313",NA
"3314",0.75
"3315",-0.333333333333333
"3316",NA
"3317",NA
"3318",NA
"3319",NA
"3320",NA
"3321",1
"3322",NA
"3323",NA
"3324",0.714285714285714
"3325",NA
"3326",1
"3327",NA
"3328",NA
"3329",0.714285714285714
"3330",1
"3331",NA
"3332",NA
"3333",-0.5
"3334",0.666666666666667
"3335",0.666666666666667
"3336",NA
"3337",-1
"3338",NA
"3339",NA
"3340",NA
"3341",0.6
"3342",NA
"3343",NA
"3344",1
"3345",NA
"3346",1
"3347",NA
"3348",1
"3349",1
"3350",1
"3351",NA
"3352",-1
"3353",NA
"3354",1
"3355",NA
"3356",NA
"3357",NA
"3358",NA
"3359",NA
"3360",-1
"3361",NA
"3362",NA
"3363",1
"3364",1
"3365",NA
"3366",NA
"3367",NA
"3368",NA
"3369",NA
"3370",NA
"3371",1
"3372",-1
"3373",0
"3374",NA
"3375",0
"3376",NA
"3377",NA
"3378",NA
"3379",NA
"3380",NA
"3381",NA
"3382",1
"3383",NA
"3384",NA
"3385",1
"3386",NA
"3387",NA
"3388",NA
"3389",NA
"3390",NA
"3391",NA
"3392",NA
"3393",NA
"3394",NA
"3395",NA
"3396",NA
"3397",NA
"3398",1
"3399",0
"3400",1
"3401",NA
"3402",NA
"3403",NA
"3404",NA
"3405",NA
"3406",NA
"3407",NA
"3408",1
"3409",NA
"3410",NA
"3411",NA
"3412",NA
"3413",NA
"3414",1
"3415",0.333333333333333
"3416",NA
"3417",NA
"3418",NA
"3419",NA
"3420",NA
"3421",NA
"3422",1
"3423",NA
"3424",-1
"3425",NA
"3426",NA
"3427",0.157894736842105
"3428",0
"3429",-1
"3430",-1
"3431",-1
"3432",NA
"3433",-1
"3434",NA
"3435",NA
"3436",NA
"3437",-1
"3438",-1
"3439",NA
"3440",-0.5
"3441",1
"3442",-1
"3443",NA
"3444",0
"3445",0
"3446",NA
"3447",1
"3448",-1
"3449",NA
"3450",1
"3451",-0.333333333333333
"3452",1
"3453",-1
"3454",-0.25
"3455",NA
"3456",-1
"3457",-1
"3458",-0.777777777777778
"3459",-1
"3460",-1
"3461",-1
"3462",-0.333333333333333
"3463",NA
"3464",NA
"3465",-1
"3466",1
"3467",NA
"3468",1
"3469",NA
"3470",1
"3471",NA
"3472",1
"3473",-1
"3474",-1
"3475",-1
"3476",NA
"3477",-1
"3478",-1
"3479",-1
"3480",NA
"3481",NA
"3482",-0.333333333333333
"3483",-1
"3484",NA
"3485",NA
"3486",NA
"3487",NA
"3488",-1
"3489",NA
"3490",NA
"3491",-1
"3492",-1
"3493",-1
"3494",NA
"3495",NA
"3496",NA
"3497",-1
"3498",-0.818181818181818
"3499",NA
"3500",NA
"3501",-1
"3502",NA
"3503",NA
"3504",-1
"3505",NA
"3506",NA
"3507",NA
"3508",NA
"3509",NA
"3510",NA
"3511",NA
"3512",NA
"3513",NA
"3514",-1
"3515",-0.714285714285714
"3516",NA
"3517",NA
"3518",-1
"3519",NA
"3520",-1
"3521",-1
"3522",NA
"3523",NA
"3524",NA
"3525",NA
"3526",NA
"3527",NA
"3528",NA
"3529",-1
"3530",NA
"3531",NA
"3532",NA
"3533",NA
"3534",NA
"3535",NA
"3536",-1
"3537",NA
"3538",-1
"3539",NA
"3540",NA
"3541",1
"3542",NA
"3543",NA
"3544",0
"3545",NA
"3546",NA
"3547",0.333333333333333
"3548",NA
"3549",1
"3550",NA
"3551",-1
"3552",NA
"3553",NA
"3554",NA
"3555",NA
"3556",NA
"3557",NA
"3558",NA
"3559",NA
"3560",NA
"3561",1
"3562",NA
"3563",NA
"3564",NA
"3565",NA
"3566",-1
"3567",NA
"3568",NA
"3569",NA
"3570",1
"3571",1
"3572",NA
"3573",NA
"3574",1
"3575",NA
"3576",NA
"3577",-1
"3578",NA
"3579",NA
"3580",NA
"3581",NA
"3582",NA
"3583",NA
"3584",NA
"3585",NA
"3586",NA
"3587",NA
"3588",-1
"3589",-1
"3590",NA
"3591",1
"3592",1
"3593",NA
"3594",NA
"3595",NA
"3596",NA
"3597",NA
"3598",NA
"3599",NA
"3600",1
"3601",NA
"3602",1
"3603",NA
"3604",1
"3605",NA
"3606",NA
"3607",NA
"3608",NA
"3609",-1
"3610",NA
"3611",-1
"3612",NA
"3613",-1
"3614",NA
"3615",NA
"3616",NA
"3617",1
"3618",1
"3619",NA
"3620",NA
"3621",NA
"3622",NA
"3623",1
"3624",NA
"3625",NA
"3626",NA
"3627",NA
"3628",1
"3629",1
"3630",NA
"3631",NA
"3632",NA
"3633",NA
"3634",1
"3635",1
"3636",NA
"3637",NA
"3638",1
"3639",1
"3640",1
"3641",NA
"3642",NA
"3643",NA
"3644",1
"3645",NA
"3646",-0.333333333333333
"3647",1
"3648",NA
"3649",NA
"3650",NA
"3651",1
"3652",NA
"3653",1
"3654",NA
"3655",0.333333333333333
"3656",NA
"3657",1
"3658",NA
"3659",NA
"3660",NA
"3661",NA
"3662",NA
"3663",NA
"3664",NA
"3665",NA
"3666",NA
"3667",-1
"3668",NA
"3669",-0.333333333333333
"3670",NA
"3671",NA
"3672",NA
"3673",NA
"3674",NA
"3675",NA
"3676",NA
"3677",NA
"3678",NA
"3679",NA
"3680",NA
"3681",NA
"3682",NA
"3683",NA
"3684",NA
"3685",1
"3686",NA
"3687",NA
"3688",NA
"3689",NA
"3690",NA
"3691",NA
"3692",NA
"3693",NA
"3694",NA
"3695",-1
"3696",NA
"3697",1
"3698",NA
"3699",NA
"3700",NA
"3701",1
"3702",NA
"3703",NA
"3704",-1
"3705",NA
"3706",NA
"3707",1
"3708",NA
"3709",NA
"3710",NA
"3711",NA
"3712",NA
"3713",NA
"3714",NA
"3715",-1
"3716",NA
"3717",NA
"3718",NA
"3719",NA
"3720",-1
"3721",NA
"3722",NA
"3723",NA
"3724",NA
"3725",NA
"3726",NA
"3727",-1
"3728",-1
"3729",-1
"3730",-1
"3731",NA
"3732",-0.333333333333333
"3733",-0.333333333333333
"3734",-1
"3735",-1
"3736",-0.333333333333333
"3737",0
"3738",NA
"3739",NA
"3740",0
"3741",-1
"3742",NA
"3743",0
"3744",-0.333333333333333
"3745",0
"3746",NA
"3747",1
"3748",0.6
"3749",0
"3750",-1
"3751",1
"3752",NA
"3753",1
"3754",1
"3755",NA
"3756",-1
"3757",0.333333333333333
"3758",1
"3759",1
"3760",NA
"3761",NA
"3762",-1
"3763",-1
"3764",NA
"3765",NA
"3766",0
"3767",1
"3768",NA
"3769",-1
"3770",NA
"3771",NA
"3772",NA
"3773",1
"3774",NA
"3775",NA
"3776",NA
"3777",NA
"3778",NA
"3779",NA
"3780",NA
"3781",NA
"3782",NA
"3783",-1
"3784",NA
"3785",NA
"3786",NA
"3787",NA
"3788",-1
"3789",-1
"3790",NA
"3791",1
"3792",NA
"3793",NA
"3794",NA
"3795",NA
"3796",-1
"3797",NA
"3798",NA
"3799",NA
"3800",NA
"3801",NA
"3802",NA
"3803",NA
"3804",-1
"3805",NA
"3806",1
"3807",NA
"3808",-1
"3809",-1
"3810",NA
"3811",NA
"3812",NA
"3813",NA
"3814",NA
"3815",NA
"3816",-1
"3817",NA
"3818",NA
"3819",NA
"3820",1
"3821",NA
"3822",NA
"3823",NA
"3824",-1
"3825",NA
"3826",0
"3827",1
"3828",-1
"3829",1
"3830",NA
"3831",NA
"3832",NA
"3833",NA
"3834",-0.111111111111111
"3835",NA
"3836",NA
"3837",NA
"3838",-1
"3839",NA
"3840",NA
"3841",NA
"3842",NA
"3843",NA
"3844",NA
"3845",NA
"3846",NA
"3847",-1
"3848",NA
"3849",NA
"3850",NA
"3851",NA
"3852",NA
"3853",NA
"3854",NA
"3855",NA
"3856",1
"3857",NA
"3858",NA
"3859",NA
"3860",1
"3861",NA
"3862",-1
"3863",NA
"3864",1
"3865",1
"3866",1
"3867",1
"3868",1
"3869",NA
"3870",0.666666666666667
"3871",NA
"3872",1
"3873",0
"3874",1
"3875",1
"3876",1
"3877",0.333333333333333
"3878",0
"3879",1
"3880",NA
"3881",NA
"3882",0.428571428571429
"3883",1
"3884",1
"3885",NA
"3886",NA
"3887",NA
"3888",-1
"3889",NA
"3890",NA
"3891",0
"3892",-1
"3893",NA
"3894",0
"3895",NA
"3896",0.6
"3897",0.666666666666667
"3898",NA
"3899",NA
"3900",NA
"3901",NA
"3902",-1
"3903",-1
"3904",NA
"3905",1
"3906",NA
"3907",NA
"3908",NA
"3909",NA
"3910",NA
"3911",NA
"3912",0.333333333333333
"3913",NA
"3914",NA
"3915",NA
"3916",NA
"3917",NA
"3918",-1
"3919",NA
"3920",NA
"3921",NA
"3922",-1
"3923",0.5
"3924",NA
"3925",NA
"3926",-1
"3927",-1
"3928",0.333333333333333
"3929",1
"3930",-1
"3931",-1
"3932",NA
"3933",NA
"3934",NA
"3935",NA
"3936",1
"3937",NA
"3938",NA
"3939",0.333333333333333
"3940",1
"3941",NA
"3942",NA
"3943",NA
"3944",1
"3945",NA
"3946",NA
"3947",-1
"3948",NA
"3949",1
"3950",-0.6
"3951",NA
"3952",NA
"3953",1
"3954",NA
"3955",NA
"3956",1
"3957",NA
"3958",NA
"3959",1
"3960",NA
"3961",NA
"3962",NA
"3963",NA
"3964",-1
"3965",NA
"3966",1
"3967",NA
"3968",NA
"3969",NA
"3970",NA
"3971",0.333333333333333
"3972",-1
"3973",NA
"3974",NA
"3975",NA
"3976",NA
"3977",NA
"3978",1
"3979",NA
"3980",NA
"3981",-1
"3982",NA
"3983",NA
"3984",1
"3985",NA
"3986",NA
"3987",NA
"3988",NA
"3989",NA
"3990",NA
"3991",NA
"3992",NA
"3993",NA
"3994",NA
"3995",NA
"3996",NA
"3997",NA
"3998",NA
"3999",-0.6
"4000",NA
"4001",NA
"4002",NA
"4003",NA
"4004",0
"4005",NA
"4006",NA
"4007",NA
"4008",NA
"4009",NA
"4010",NA
"4011",NA
"4012",NA
"4013",NA
"4014",-1
"4015",-1
"4016",-0.5
"4017",NA
"4018",-1
"4019",-1
"4020",NA
"4021",-0.333333333333333
"4022",-1
"4023",1
"4024",1
"4025",NA
"4026",-1
"4027",0
"4028",0
"4029",NA
"4030",-1
"4031",NA
"4032",1
"4033",NA
"4034",NA
"4035",NA
"4036",1
"4037",1
"4038",NA
"4039",NA
"4040",NA
"4041",NA
"4042",NA
"4043",-1
"4044",NA
"4045",NA
"4046",1
"4047",NA
"4048",NA
"4049",NA
"4050",NA
"4051",1
"4052",NA
"4053",NA
"4054",NA
"4055",NA
"4056",NA
"4057",0.333333333333333
"4058",NA
"4059",NA
"4060",NA
"4061",NA
"4062",NA
"4063",NA
"4064",NA
"4065",NA
"4066",-0.333333333333333
"4067",-0.333333333333333
"4068",-1
"4069",NA
"4070",1
"4071",NA
"4072",NA
"4073",NA
"4074",NA
"4075",NA
"4076",NA
"4077",NA
"4078",NA
"4079",NA
"4080",NA
"4081",NA
"4082",NA
"4083",NA
"4084",NA
"4085",NA
"4086",NA
"4087",NA
"4088",NA
"4089",NA
"4090",1
"4091",NA
"4092",NA
"4093",NA
"4094",NA
"4095",NA
"4096",NA
"4097",NA
"4098",NA
"4099",NA
"4100",NA
"4101",NA
"4102",NA
"4103",NA
"4104",NA
"4105",NA
"4106",NA
"4107",NA
"4108",NA
"4109",NA
"4110",NA
"4111",NA
"4112",NA
"4113",NA
"4114",NA
"4115",NA
"4116",NA
"4117",NA
"4118",NA
"4119",NA
"4120",NA
"4121",NA
"4122",NA
"4123",NA
"4124",NA
"4125",NA
"4126",1
"4127",NA
"4128",NA
"4129",NA
"4130",NA
"4131",NA
"4132",NA
"4133",NA
"4134",NA
"4135",NA
"4136",NA
"4137",NA
"4138",NA
"4139",NA
"4140",NA
"4141",NA
"4142",NA
"4143",NA
"4144",NA
"4145",NA
"4146",NA
"4147",NA
"4148",NA
"4149",NA
"4150",NA
"4151",NA
"4152",NA
"4153",1
"4154",NA
"4155",NA
"4156",NA
"4157",NA
"4158",NA
"4159",NA
"4160",NA
"4161",NA
"4162",NA
"4163",NA
"4164",NA
"4165",NA
"4166",NA
"4167",NA
"4168",NA
"4169",NA
"4170",NA
"4171",0
"4172",-0.333333333333333
"4173",1
"4174",NA
"4175",-1
"4176",NA
"4177",NA
"4178",-1
"4179",NA
"4180",0.428571428571429
"4181",NA
"4182",NA
"4183",1
"4184",NA
"4185",NA
"4186",NA
"4187",NA
"4188",NA
"4189",1
"4190",NA
"4191",NA
"4192",NA
"4193",1
"4194",NA
"4195",NA
"4196",NA
"4197",NA
"4198",NA
"4199",0.2
"4200",NA
"4201",NA
"4202",NA
"4203",NA
"4204",-1
"4205",0
"4206",0
"4207",NA
"4208",NA
"4209",1
"4210",NA
"4211",NA
"4212",NA
"4213",NA
"4214",NA
"4215",NA
"4216",NA
"4217",1
"4218",1
"4219",NA
"4220",NA
"4221",NA
"4222",NA
"4223",NA
"4224",NA
"4225",NA
"4226",1
"4227",NA
"4228",NA
"4229",NA
"4230",NA
"4231",-1
"4232",NA
"4233",1
"4234",NA
"4235",NA
"4236",1
"4237",NA
"4238",0
"4239",-0.538461538461538
"4240",0.333333333333333
"4241",NA
"4242",NA
"4243",-1
"4244",NA
"4245",NA
"4246",NA
"4247",NA
"4248",NA
"4249",NA
"4250",NA
"4251",NA
"4252",NA
"4253",NA
"4254",1
"4255",NA
"4256",1
"4257",1
"4258",NA
"4259",NA
"4260",1
"4261",-1
"4262",NA
"4263",NA
"4264",NA
"4265",NA
"4266",-1
"4267",NA
"4268",NA
"4269",NA
"4270",-1
"4271",1
"4272",1
"4273",1
"4274",NA
"4275",-1
"4276",NA
"4277",NA
"4278",NA
"4279",NA
"4280",NA
"4281",1
"4282",NA
"4283",NA
"4284",NA
"4285",NA
"4286",NA
"4287",NA
"4288",NA
"4289",-1
"4290",-1
"4291",NA
"4292",NA
"4293",NA
"4294",-0.333333333333333
"4295",NA
"4296",NA
"4297",NA
"4298",NA
"4299",-0.6
"4300",NA
"4301",NA
"4302",NA
"4303",NA
"4304",NA
"4305",NA
"4306",NA
"4307",NA
"4308",NA
"4309",-1
"4310",NA
"4311",NA
"4312",NA
"4313",NA
"4314",-1
"4315",NA
"4316",-1
"4317",-1
"4318",NA
"4319",1
"4320",-1
"4321",1
"4322",1
"4323",-1
"4324",1
"4325",NA
"4326",NA
"4327",1
"4328",1
"4329",NA
"4330",1
"4331",0.2
"4332",NA
"4333",NA
"4334",NA
"4335",1
"4336",1
"4337",NA
"4338",NA
"4339",1
"4340",0.333333333333333
"4341",NA
"4342",-1
"4343",-1
"4344",-1
"4345",NA
"4346",NA
"4347",NA
"4348",NA
"4349",-1
"4350",NA
"4351",NA
"4352",NA
"4353",NA
"4354",1
"4355",NA
"4356",0.333333333333333
"4357",1
"4358",-0.333333333333333
"4359",NA
"4360",NA
"4361",NA
"4362",1
"4363",-1
"4364",NA
"4365",NA
"4366",NA
"4367",0.333333333333333
"4368",NA
"4369",1
"4370",1
"4371",NA
"4372",NA
"4373",1
"4374",1
"4375",NA
"4376",-1
"4377",-1
"4378",1
"4379",-0.333333333333333
"4380",1
"4381",-1
"4382",NA
"4383",NA
"4384",1
"4385",1
"4386",1
"4387",1
"4388",NA
"4389",NA
"4390",NA
"4391",NA
"4392",NA
"4393",NA
"4394",NA
"4395",NA
"4396",NA
"4397",NA
"4398",NA
"4399",NA
"4400",-0.571428571428571
"4401",NA
"4402",NA
"4403",1
"4404",0
"4405",NA
"4406",-0.5
"4407",-1
"4408",-1
"4409",-1
"4410",-1
"4411",-0.333333333333333
"4412",NA
"4413",NA
"4414",NA
"4415",0
"4416",-0.5
"4417",-1
"4418",0
"4419",-1
"4420",1
"4421",1
"4422",1
"4423",1
"4424",NA
"4425",NA
"4426",1
"4427",0
"4428",NA
"4429",1
"4430",NA
"4431",1
"4432",1
"4433",1
"4434",NA
"4435",NA
"4436",NA
"4437",1
"4438",NA
"4439",NA
"4440",NA
"4441",NA
"4442",NA
"4443",1
"4444",NA
"4445",NA
"4446",NA
"4447",NA
"4448",NA
"4449",NA
"4450",NA
"4451",NA
"4452",NA
"4453",1
"4454",NA
"4455",NA
"4456",1
"4457",1
"4458",1
"4459",0.5
"4460",NA
"4461",1
"4462",NA
"4463",NA
"4464",NA
"4465",1
"4466",1
"4467",0
"4468",NA
"4469",NA
"4470",1
"4471",1
"4472",1
"4473",NA
"4474",NA
"4475",NA
"4476",NA
"4477",-0.333333333333333
"4478",NA
"4479",NA
"4480",NA
"4481",1
"4482",NA
"4483",NA
"4484",NA
"4485",NA
"4486",NA
"4487",NA
"4488",NA
"4489",NA
"4490",NA
"4491",NA
"4492",NA
"4493",NA
"4494",NA
"4495",-1
"4496",-1
"4497",-1
"4498",NA
"4499",NA
"4500",NA
"4501",NA
"4502",0
"4503",NA
"4504",NA
"4505",NA
"4506",1
"4507",NA
"4508",NA
"4509",1
"4510",1
"4511",1
"4512",1
"4513",1
"4514",1
"4515",1
"4516",NA
"4517",1
"4518",NA
"4519",1
"4520",NA
"4521",NA
"4522",1
"4523",1
"4524",1
"4525",NA
"4526",NA
"4527",1
"4528",NA
"4529",1
"4530",1
"4531",1
"4532",NA
"4533",1
"4534",NA
"4535",1
"4536",NA
"4537",NA
"4538",NA
"4539",1
"4540",-1
"4541",0.333333333333333
"4542",NA
"4543",NA
"4544",1
"4545",0
"4546",NA
"4547",NA
"4548",1
"4549",NA
"4550",1
"4551",NA
"4552",1
"4553",NA
"4554",0.333333333333333
"4555",NA
"4556",NA
"4557",NA
"4558",NA
"4559",NA
"4560",NA
"4561",NA
"4562",NA
"4563",1
"4564",1
"4565",1
"4566",0.2
"4567",0.2
"4568",1
"4569",1
"4570",NA
"4571",NA
"4572",1
"4573",1
"4574",1
"4575",NA
"4576",0.6
"4577",NA
"4578",NA
"4579",-1
"4580",1
"4581",NA
"4582",0.5
"4583",1
"4584",NA
"4585",1
"4586",0
"4587",NA
"4588",0.5
"4589",-1
"4590",NA
"4591",NA
"4592",-1
"4593",NA
"4594",NA
"4595",1
"4596",1
"4597",NA
"4598",1
"4599",NA
"4600",1
"4601",1
"4602",NA
"4603",1
"4604",1
"4605",1
"4606",1
"4607",1
"4608",NA
"4609",1
"4610",NA
"4611",NA
"4612",-1
"4613",NA
"4614",NA
"4615",1
"4616",1
"4617",NA
"4618",NA
"4619",1
"4620",1
"4621",NA
"4622",1
"4623",NA
"4624",1
"4625",1
"4626",1
"4627",NA
"4628",1
"4629",1
"4630",1
"4631",0
"4632",0
"4633",1
"4634",NA
"4635",NA
"4636",1
"4637",1
"4638",1
"4639",-1
"4640",NA
"4641",1
"4642",NA
"4643",-1
"4644",1
"4645",NA
"4646",NA
"4647",NA
"4648",1
"4649",NA
"4650",-1
"4651",NA
"4652",NA
"4653",NA
"4654",NA
"4655",NA
"4656",-1
"4657",1
"4658",1
"4659",1
"4660",NA
"4661",1
"4662",NA
"4663",1
"4664",NA
"4665",NA
"4666",-1
"4667",1
"4668",NA
"4669",-0.333333333333333
"4670",1
"4671",1
"4672",1
"4673",1
"4674",1
"4675",1
"4676",1
"4677",NA
"4678",1
"4679",1
"4680",0.333333333333333
"4681",NA
"4682",NA
"4683",NA
"4684",NA
"4685",-1
"4686",NA
"4687",NA
"4688",-1
"4689",1
"4690",NA
"4691",NA
"4692",NA
"4693",NA
"4694",NA
"4695",NA
"4696",NA
"4697",NA
"4698",NA
"4699",NA
"4700",1
"4701",NA
"4702",NA
"4703",NA
"4704",NA
"4705",1
"4706",NA
"4707",NA
"4708",NA
"4709",NA
"4710",NA
"4711",NA
"4712",NA
"4713",NA
"4714",NA
"4715",NA
"4716",NA
"4717",NA
"4718",1
"4719",1
"4720",NA
"4721",NA
"4722",1
"4723",NA
"4724",1
"4725",-1
"4726",NA
"4727",1
"4728",NA
"4729",1
"4730",1
"4731",1
"4732",NA
"4733",1
"4734",NA
"4735",NA
"4736",NA
"4737",NA
"4738",NA
"4739",NA
"4740",NA
"4741",NA
"4742",1
"4743",NA
"4744",NA
"4745",NA
"4746",NA
"4747",NA
"4748",NA
"4749",NA
"4750",NA
"4751",NA
"4752",NA
"4753",NA
"4754",NA
"4755",1
"4756",1
"4757",1
"4758",NA
"4759",NA
"4760",NA
"4761",NA
"4762",NA
"4763",NA
"4764",1
"4765",1
"4766",1
"4767",NA
"4768",NA
"4769",NA
"4770",NA
"4771",NA
"4772",NA
"4773",NA
"4774",-0.333333333333333
"4775",NA
"4776",NA
"4777",NA
"4778",NA
"4779",NA
"4780",1
"4781",NA
"4782",1
"4783",-1
"4784",NA
"4785",-1
"4786",1
"4787",1
"4788",1
"4789",NA
"4790",NA
"4791",NA
"4792",NA
"4793",NA
"4794",NA
"4795",1
"4796",-0.333333333333333
"4797",1
"4798",NA
"4799",NA
"4800",NA
"4801",NA
"4802",NA
"4803",NA
"4804",NA
"4805",NA
"4806",NA
"4807",NA
"4808",NA
"4809",NA
"4810",NA
"4811",NA
"4812",NA
"4813",NA
"4814",NA
"4815",1
"4816",NA
"4817",NA
"4818",NA
"4819",NA
"4820",NA
"4821",NA
"4822",NA
"4823",NA
"4824",NA
"4825",1
"4826",NA
"4827",NA
"4828",1
"4829",NA
"4830",NA
"4831",NA
"4832",NA
"4833",NA
"4834",NA
"4835",NA
"4836",NA
"4837",NA
"4838",NA
"4839",NA
"4840",NA
"4841",NA
"4842",NA
"4843",NA
"4844",NA
"4845",NA
"4846",NA
"4847",1
"4848",NA
"4849",NA
"4850",NA
"4851",NA
"4852",1
"4853",NA
"4854",NA
"4855",NA
"4856",NA
"4857",NA
"4858",NA
"4859",NA
"4860",NA
"4861",NA
"4862",NA
"4863",1
"4864",1
"4865",NA
"4866",0.5
"4867",1
"4868",NA
"4869",1
"4870",NA
"4871",1
"4872",NA
"4873",NA
"4874",NA
"4875",NA
"4876",NA
"4877",NA
"4878",NA
"4879",NA
"4880",NA
"4881",NA
"4882",NA
"4883",1
"4884",NA
"4885",1
"4886",NA
"4887",NA
"4888",NA
"4889",NA
"4890",NA
"4891",NA
"4892",NA
"4893",NA
"4894",NA
"4895",NA
"4896",NA
"4897",NA
"4898",NA
"4899",NA
"4900",NA
"4901",NA
"4902",NA
"4903",NA
"4904",NA
"4905",NA
"4906",NA
"4907",NA
"4908",NA
"4909",NA
"4910",NA
"4911",NA
"4912",NA
"4913",NA
"4914",NA
"4915",NA
"4916",NA
"4917",-1
"4918",NA
"4919",1
"4920",NA
"4921",0
"4922",1
"4923",NA
"4924",NA
"4925",1
"4926",NA
"4927",NA
"4928",NA
"4929",NA
"4930",NA
"4931",NA
"4932",NA
"4933",NA
"4934",NA
"4935",NA
"4936",NA
"4937",NA
"4938",1
"4939",NA
"4940",NA
"4941",NA
"4942",1
"4943",NA
"4944",1
"4945",NA
"4946",NA
"4947",NA
"4948",NA
"4949",NA
"4950",NA
"4951",NA
"4952",NA
"4953",NA
"4954",NA
"4955",NA
"4956",1
"4957",NA
"4958",NA
"4959",NA
"4960",1
"4961",1
"4962",NA
"4963",NA
"4964",NA
"4965",NA
"4966",NA
"4967",NA
"4968",NA
"4969",1
"4970",NA
"4971",1
"4972",NA
"4973",NA
"4974",NA
"4975",NA
"4976",NA
"4977",NA
"4978",NA
"4979",NA
"4980",NA
"4981",NA
"4982",NA
"4983",NA
"4984",NA
"4985",NA
"4986",1
"4987",NA
"4988",NA
"4989",NA
"4990",NA
"4991",NA
"4992",NA
"4993",NA
"4994",NA
"4995",NA
"4996",NA
"4997",NA
"4998",NA
"4999",NA
"5000",NA
"5001",NA
"5002",NA
"5003",NA
"5004",NA
"5005",NA
"5006",NA
"5007",NA
"5008",NA
"5009",NA
"5010",NA
"5011",1
"5012",NA
"5013",NA
"5014",NA
"5015",NA
"5016",NA
"5017",NA
"5018",1
"5019",NA
"5020",NA
"5021",NA
"5022",NA
"5023",NA
"5024",NA
"5025",NA
"5026",NA
"5027",NA
"5028",NA
"5029",NA
"5030",NA
"5031",NA
"5032",NA
"5033",NA
"5034",NA
"5035",NA
"5036",NA
"5037",NA
"5038",NA
"5039",NA
"5040",NA
"5041",NA
"5042",NA
"5043",1
"5044",NA
"5045",NA
"5046",NA
"5047",NA
"5048",NA
"5049",NA
"5050",1
"5051",-1
"5052",NA
"5053",NA
"5054",NA
"5055",NA
"5056",NA
"5057",NA
"5058",NA
"5059",NA
"5060",NA
"5061",-1
"5062",NA
"5063",NA
"5064",NA
"5065",NA
"5066",NA
"5067",NA
"5068",1
"5069",NA
"5070",NA
"5071",NA
"5072",NA
"5073",NA
"5074",NA
"5075",NA
"5076",NA
"5077",NA
"5078",NA
"5079",NA
"5080",NA
"5081",NA
"5082",NA
"5083",NA
"5084",NA
"5085",1
"5086",NA
"5087",NA
"5088",NA
"5089",NA
"5090",NA
"5091",0
"5092",NA
"5093",NA
"5094",NA
"5095",-1
"5096",NA
"5097",NA
"5098",NA
"5099",NA
"5100",NA
"5101",NA
"5102",NA
"5103",NA
"5104",NA
"5105",NA
"5106",NA
"5107",-1
"5108",NA
"5109",NA
"5110",NA
"5111",NA
"5112",NA
"5113",-1
"5114",NA
"5115",NA
"5116",NA
"5117",NA
"5118",NA
"5119",NA
"5120",NA
"5121",NA
"5122",NA
"5123",NA
"5124",NA
"5125",NA
"5126",0.333333333333333
"5127",NA
"5128",NA
"5129",NA
"5130",NA
"5131",NA
"5132",NA
"5133",NA
"5134",1
"5135",0
"5136",1
"5137",NA
"5138",0.333333333333333
"5139",-0.333333333333333
"5140",NA
"5141",1
"5142",1
"5143",NA
"5144",NA
"5145",NA
"5146",0.333333333333333
"5147",1
"5148",NA
"5149",1
"5150",NA
"5151",-1
"5152",-1
"5153",-1
"5154",NA
"5155",-1
"5156",NA
"5157",1
"5158",NA
"5159",-0.5
"5160",-1
"5161",NA
"5162",NA
"5163",NA
"5164",NA
"5165",NA
"5166",-1
"5167",1
"5168",NA
"5169",NA
"5170",NA
"5171",NA
"5172",NA
"5173",NA
"5174",NA
"5175",NA
"5176",NA
"5177",0
"5178",NA
"5179",NA
"5180",-0.111111111111111
"5181",NA
"5182",1
"5183",NA
"5184",1
"5185",1
"5186",1
"5187",1
"5188",1
"5189",NA
"5190",NA
"5191",NA
"5192",NA
"5193",NA
"5194",NA
"5195",1
"5196",1
"5197",0
"5198",NA
"5199",NA
"5200",1
"5201",1
"5202",-1
"5203",-1
"5204",1
"5205",-1
"5206",0
"5207",1
"5208",1
"5209",-1
"5210",-1
"5211",NA
"5212",-1
"5213",-1
"5214",-1
"5215",-0.6
"5216",-1
"5217",-1
"5218",NA
"5219",NA
"5220",1
"5221",NA
"5222",NA
"5223",-1
"5224",-1
"5225",-1
"5226",0
"5227",NA
"5228",NA
"5229",-1
"5230",NA
"5231",NA
"5232",NA
"5233",NA
"5234",NA
"5235",NA
"5236",1
"5237",1
"5238",1
"5239",1
"5240",-1
"5241",0
"5242",0
"5243",1
"5244",1
"5245",NA
"5246",1
"5247",NA
"5248",1
"5249",-1
"5250",1
"5251",0.333333333333333
"5252",NA
"5253",-1
"5254",NA
"5255",NA
"5256",NA
"5257",NA
"5258",NA
"5259",NA
"5260",NA
"5261",NA
"5262",1
"5263",NA
"5264",NA
"5265",-1
"5266",NA
"5267",NA
"5268",NA
"5269",-0.0909090909090909
"5270",-1
"5271",NA
"5272",-1
"5273",-1
"5274",-1
"5275",-0.333333333333333
"5276",NA
"5277",0
"5278",NA
"5279",NA
"5280",-1
"5281",NA
"5282",-1
"5283",NA
"5284",NA
"5285",-0.166666666666667
"5286",NA
"5287",NA
"5288",-0.0909090909090909
"5289",NA
"5290",NA
"5291",0.5
"5292",-1
"5293",NA
"5294",1
"5295",NA
"5296",NA
"5297",NA
"5298",NA
"5299",NA
"5300",NA
"5301",0
"5302",NA
"5303",NA
"5304",NA
"5305",-1
"5306",NA
"5307",-0.5
"5308",0
"5309",-0.333333333333333
"5310",-0.333333333333333
"5311",-0.333333333333333
"5312",-0.6
"5313",0
"5314",NA
"5315",NA
"5316",1
"5317",-1
"5318",1
"5319",NA
"5320",1
"5321",0.6
"5322",1
"5323",NA
"5324",0
"5325",1
"5326",NA
"5327",NA
"5328",-0.333333333333333
"5329",NA
"5330",1
"5331",0
"5332",NA
"5333",1
"5334",NA
"5335",NA
"5336",0.5
"5337",0.333333333333333
"5338",NA
"5339",NA
"5340",NA
"5341",0
"5342",NA
"5343",0.333333333333333
"5344",NA
"5345",-0.619047619047619
"5346",NA
"5347",NA
"5348",NA
"5349",NA
"5350",NA
"5351",0.333333333333333
"5352",NA
"5353",0.5
"5354",NA
"5355",1
"5356",NA
"5357",NA
"5358",NA
"5359",NA
"5360",NA
"5361",NA
"5362",NA
"5363",NA
"5364",NA
"5365",-1
"5366",NA
"5367",NA
"5368",NA
"5369",NA
"5370",NA
"5371",NA
"5372",1
"5373",NA
"5374",NA
"5375",NA
"5376",NA
"5377",NA
"5378",NA
"5379",NA
"5380",NA
"5381",NA
"5382",NA
"5383",NA
"5384",0
"5385",NA
"5386",NA
"5387",NA
"5388",NA
"5389",-0.333333333333333
"5390",-1
"5391",NA
"5392",NA
"5393",-0.555555555555556
"5394",-0.75
"5395",NA
"5396",NA
"5397",NA
"5398",NA
"5399",NA
"5400",NA
"5401",0
"5402",0.142857142857143
"5403",NA
"5404",NA
"5405",NA
"5406",NA
"5407",NA
"5408",NA
"5409",-0.125
"5410",0.777777777777778
"5411",0.5
"5412",-1
"5413",NA
"5414",NA
"5415",NA
"5416",NA
"5417",-0.333333333333333
"5418",NA
"5419",-1
"5420",1
"5421",NA
"5422",-1
"5423",1
"5424",NA
"5425",0
"5426",NA
"5427",NA
"5428",1
"5429",NA
"5430",NA
"5431",NA
"5432",-0.6
"5433",-0.333333333333333
"5434",1
"5435",NA
"5436",1
"5437",NA
"5438",NA
"5439",NA
"5440",-1
"5441",NA
"5442",NA
"5443",NA
"5444",NA
"5445",NA
"5446",NA
"5447",NA
"5448",NA
"5449",NA
"5450",NA
"5451",NA
"5452",NA
"5453",NA
"5454",NA
"5455",NA
"5456",NA
"5457",NA
"5458",NA
"5459",-1
"5460",NA
"5461",NA
"5462",NA
"5463",NA
"5464",-1
"5465",1
"5466",NA
"5467",0.5
"5468",NA
"5469",-1
"5470",-1
"5471",NA
"5472",NA
"5473",NA
"5474",NA
"5475",NA
"5476",NA
"5477",NA
"5478",1
"5479",NA
"5480",NA
"5481",NA
"5482",NA
"5483",-1
"5484",-1
"5485",-1
"5486",NA
"5487",NA
"5488",0
"5489",NA
"5490",-1
"5491",NA
"5492",NA
"5493",NA
"5494",NA
"5495",NA
"5496",NA
"5497",NA
"5498",-1
"5499",NA
"5500",NA
"5501",NA
"5502",NA
"5503",NA
"5504",NA
"5505",NA
"5506",-0.333333333333333
"5507",NA
"5508",NA
"5509",NA
"5510",1
"5511",NA
"5512",NA
"5513",-1
"5514",-1
"5515",-1
"5516",-1
"5517",0
"5518",NA
"5519",NA
"5520",NA
"5521",NA
"5522",NA
"5523",NA
"5524",1
"5525",-1
"5526",1
"5527",1
"5528",NA
"5529",-0.333333333333333
"5530",-1
"5531",0
"5532",NA
"5533",1
"5534",-0.333333333333333
"5535",0
"5536",-1
"5537",-1
"5538",NA
"5539",-1
"5540",1
"5541",NA
"5542",1
"5543",NA
"5544",NA
"5545",1
"5546",-1
"5547",NA
"5548",NA
"5549",NA
"5550",-1
"5551",NA
"5552",1
"5553",NA
"5554",1
"5555",-1
"5556",NA
"5557",NA
"5558",NA
"5559",NA
"5560",-1
"5561",NA
"5562",NA
"5563",NA
"5564",NA
"5565",NA
"5566",NA
"5567",-1
"5568",NA
"5569",-1
"5570",NA
"5571",NA
"5572",NA
"5573",NA
"5574",NA
"5575",NA
"5576",NA
"5577",NA
"5578",1
"5579",-1
"5580",1
"5581",-1
"5582",NA
"5583",NA
"5584",NA
"5585",1
"5586",NA
"5587",0
"5588",NA
"5589",1
"5590",NA
"5591",NA
"5592",NA
"5593",NA
"5594",0
"5595",NA
"5596",NA
"5597",-1
"5598",0
"5599",-1
"5600",-0.333333333333333
"5601",NA
"5602",NA
"5603",NA
"5604",-1
"5605",-1
"5606",NA
"5607",NA
"5608",NA
"5609",NA
"5610",NA
"5611",1
"5612",1
"5613",0.2
"5614",NA
"5615",NA
"5616",NA
"5617",NA
"5618",1
"5619",NA
"5620",NA
"5621",NA
"5622",1
"5623",NA
"5624",-1
"5625",1
"5626",-1
"5627",NA
"5628",NA
"5629",NA
"5630",NA
"5631",1
"5632",1
"5633",-1
"5634",NA
"5635",-0.5
"5636",NA
"5637",1
"5638",-1
"5639",NA
"5640",NA
"5641",-1
"5642",-0.333333333333333
"5643",-1
"5644",NA
"5645",NA
"5646",NA
"5647",-1
"5648",1
"5649",-1
"5650",NA
"5651",NA
"5652",NA
"5653",NA
"5654",NA
"5655",-0.333333333333333
"5656",1
"5657",1
"5658",NA
"5659",NA
"5660",NA
"5661",-1
"5662",NA
"5663",NA
"5664",0
"5665",-1
"5666",NA
"5667",NA
"5668",NA
"5669",NA
"5670",NA
"5671",-0.5
"5672",NA
"5673",-1
"5674",-1
"5675",-0.5
"5676",1
"5677",1
"5678",NA
"5679",NA
"5680",NA
"5681",NA
"5682",NA
"5683",NA
"5684",NA
"5685",NA
"5686",NA
"5687",NA
"5688",NA
"5689",NA
"5690",NA
"5691",NA
"5692",NA
"5693",NA
"5694",NA
"5695",-1
"5696",NA
"5697",NA
"5698",NA
"5699",NA
"5700",NA
"5701",NA
"5702",NA
"5703",NA
"5704",NA
"5705",NA
"5706",NA
"5707",NA
"5708",NA
"5709",NA
"5710",NA
"5711",NA
"5712",NA
"5713",1
"5714",NA
"5715",NA
"5716",NA
"5717",NA
"5718",NA
"5719",NA
"5720",NA
"5721",NA
"5722",NA
"5723",NA
"5724",NA
"5725",NA
"5726",NA
"5727",NA
"5728",1
"5729",NA
"5730",1
"5731",NA
"5732",NA
"5733",NA
"5734",NA
"5735",NA
"5736",NA
"5737",NA
"5738",NA
"5739",NA
"5740",NA
"5741",NA
"5742",NA
"5743",NA
"5744",NA
"5745",NA
"5746",0
"5747",NA
"5748",NA
"5749",NA
"5750",NA
"5751",-1
"5752",NA
"5753",NA
"5754",1
"5755",1
"5756",NA
"5757",NA
"5758",NA
"5759",NA
"5760",NA
"5761",NA
"5762",NA
"5763",NA
"5764",NA
"5765",NA
"5766",NA
"5767",NA
"5768",NA
"5769",1
"5770",NA
"5771",NA
"5772",NA
"5773",NA
"5774",1
"5775",NA
"5776",NA
"5777",NA
"5778",NA
"5779",NA
"5780",NA
"5781",NA
"5782",NA
"5783",NA
"5784",1
"5785",NA
"5786",1
"5787",NA
"5788",1
"5789",1
"5790",NA
"5791",NA
"5792",NA
"5793",NA
"5794",NA
"5795",NA
"5796",NA
"5797",NA
"5798",NA
"5799",NA
"5800",NA
"5801",NA
"5802",NA
"5803",NA
"5804",NA
"5805",NA
"5806",NA
"5807",NA
"5808",NA
"5809",NA
"5810",NA
"5811",NA
"5812",-1
"5813",NA
"5814",NA
"5815",1
"5816",NA
"5817",NA
"5818",NA
"5819",1
"5820",1
"5821",NA
"5822",NA
"5823",NA
"5824",NA
"5825",NA
"5826",NA
"5827",NA
"5828",NA
"5829",NA
"5830",NA
"5831",-1
"5832",NA
"5833",-1
"5834",-1
"5835",NA
"5836",0.2
"5837",-0.0909090909090909
"5838",NA
"5839",NA
"5840",-1
"5841",-1
"5842",-1
"5843",-1
"5844",NA
"5845",NA
"5846",NA
"5847",0
"5848",NA
"5849",NA
"5850",1
"5851",0
"5852",-1
"5853",NA
"5854",NA
"5855",-1
"5856",-1
"5857",-1
"5858",NA
"5859",-1
"5860",NA
"5861",NA
"5862",NA
"5863",NA
"5864",NA
"5865",NA
"5866",NA
"5867",1
"5868",NA
"5869",NA
"5870",NA
"5871",NA
"5872",NA
"5873",NA
"5874",NA
"5875",NA
"5876",NA
"5877",NA
"5878",NA
"5879",-1
"5880",NA
"5881",NA
"5882",NA
"5883",NA
"5884",NA
"5885",NA
"5886",NA
"5887",1
"5888",1
"5889",NA
"5890",NA
"5891",NA
"5892",NA
"5893",NA
"5894",NA
"5895",NA
"5896",NA
"5897",-1
"5898",NA
"5899",NA
"5900",NA
"5901",NA
"5902",NA
"5903",NA
"5904",NA
"5905",1
"5906",NA
"5907",NA
"5908",NA
"5909",NA
"5910",1
"5911",1
"5912",1
"5913",NA
"5914",NA
"5915",NA
"5916",NA
"5917",NA
"5918",NA
"5919",NA
"5920",NA
"5921",NA
"5922",NA
"5923",NA
"5924",NA
"5925",NA
"5926",1
"5927",NA
"5928",1
"5929",1
"5930",NA
"5931",NA
"5932",NA
"5933",NA
"5934",NA
"5935",-1
"5936",-1
"5937",NA
"5938",-0.0909090909090909
"5939",NA
"5940",-1
"5941",-1
"5942",NA
"5943",0
"5944",NA
"5945",0
"5946",NA
"5947",-1
"5948",-1
"5949",NA
"5950",-1
"5951",NA
"5952",NA
"5953",NA
"5954",1
"5955",NA
"5956",NA
"5957",NA
"5958",NA
"5959",NA
"5960",NA
"5961",-1
"5962",NA
"5963",NA
"5964",NA
"5965",1
"5966",NA
"5967",NA
"5968",NA
"5969",NA
"5970",-1
"5971",NA
"5972",NA
"5973",NA
"5974",NA
"5975",NA
"5976",NA
"5977",NA
"5978",NA
"5979",NA
"5980",-0.333333333333333
"5981",NA
"5982",0
"5983",NA
"5984",NA
"5985",NA
"5986",NA
"5987",-1
"5988",-1
"5989",NA
"5990",NA
"5991",NA
"5992",NA
"5993",NA
"5994",NA
"5995",1
"5996",NA
"5997",NA
"5998",NA
"5999",-1
"6000",-1
"6001",NA
"6002",NA
"6003",-1
"6004",-1
"6005",NA
"6006",NA
"6007",-1
"6008",1
"6009",1
"6010",NA
"6011",NA
"6012",0
"6013",0
"6014",-1
"6015",1
"6016",NA
"6017",0
"6018",NA
"6019",1
"6020",0
"6021",NA
"6022",NA
"6023",NA
"6024",1
"6025",-1
"6026",-1
"6027",-1
"6028",-1
"6029",-1
"6030",NA
"6031",NA
"6032",NA
"6033",NA
"6034",NA
"6035",NA
"6036",1
"6037",1
"6038",NA
"6039",NA
"6040",NA
"6041",NA
"6042",NA
"6043",NA
"6044",NA
"6045",NA
"6046",NA
"6047",NA
"6048",NA
"6049",-0.6
"6050",NA
"6051",1
"6052",NA
"6053",1
"6054",NA
"6055",0.142857142857143
"6056",NA
"6057",NA
"6058",0
"6059",1
"6060",1
"6061",1
"6062",-1
"6063",-1
"6064",NA
"6065",NA
"6066",NA
"6067",NA
"6068",NA
"6069",NA
"6070",-0.555555555555556
"6071",0
"6072",-1
"6073",NA
"6074",0
"6075",NA
"6076",-1
"6077",NA
"6078",NA
"6079",NA
"6080",NA
"6081",NA
"6082",-1
"6083",NA
"6084",NA
"6085",NA
"6086",NA
"6087",NA
"6088",NA
"6089",NA
"6090",NA
"6091",NA
"6092",NA
"6093",NA
"6094",NA
"6095",NA
"6096",NA
"6097",NA
"6098",NA
"6099",NA
"6100",NA
"6101",NA
"6102",NA
"6103",NA
"6104",NA
"6105",NA
"6106",NA
"6107",NA
"6108",NA
"6109",NA
"6110",NA
"6111",NA
"6112",NA
"6113",NA
"6114",NA
"6115",NA
"6116",NA
"6117",NA
"6118",NA
"6119",0
"6120",NA
"6121",NA
"6122",NA
"6123",NA
"6124",-1
"6125",NA
"6126",NA
"6127",1
"6128",0
"6129",NA
"6130",0
"6131",NA
"6132",NA
"6133",NA
"6134",-1
"6135",-1
"6136",NA
"6137",-1
"6138",NA
"6139",NA
"6140",NA
"6141",NA
"6142",NA
"6143",NA
"6144",NA
"6145",NA
"6146",NA
"6147",NA
"6148",NA
"6149",NA
"6150",NA
"6151",-1
"6152",NA
"6153",NA
"6154",-0.6
"6155",NA
"6156",NA
"6157",NA
"6158",NA
"6159",NA
"6160",NA
"6161",NA
"6162",NA
"6163",NA
"6164",-1
"6165",NA
"6166",NA
"6167",NA
"6168",NA
"6169",NA
"6170",NA
"6171",NA
"6172",NA
"6173",0.333333333333333
"6174",-1
"6175",-0.666666666666667
"6176",NA
"6177",NA
"6178",NA
"6179",NA
"6180",NA
"6181",NA
"6182",NA
"6183",NA
"6184",NA
"6185",NA
"6186",NA
"6187",NA
"6188",NA
"6189",0
"6190",NA
"6191",NA
"6192",NA
"6193",NA
"6194",1
"6195",-1
"6196",1
"6197",1
"6198",1
"6199",NA
"6200",NA
"6201",NA
"6202",NA
"6203",NA
"6204",NA
"6205",NA
"6206",-0.333333333333333
"6207",0
"6208",NA
"6209",NA
"6210",NA
"6211",NA
"6212",NA
"6213",NA
"6214",0
"6215",NA
"6216",NA
"6217",NA
"6218",NA
"6219",NA
"6220",-1
"6221",NA
"6222",NA
"6223",NA
"6224",NA
"6225",-0.333333333333333
"6226",-0.333333333333333
"6227",NA
"6228",NA
"6229",NA
"6230",NA
"6231",NA
"6232",NA
"6233",NA
"6234",NA
"6235",-0.666666666666667
"6236",-1
"6237",NA
"6238",NA
"6239",-1
"6240",-1
"6241",-1
"6242",-1
"6243",0
"6244",-1
"6245",NA
"6246",NA
"6247",1
"6248",NA
"6249",NA
"6250",0.428571428571429
"6251",NA
"6252",NA
"6253",0
"6254",NA
"6255",NA
"6256",NA
"6257",NA
"6258",NA
"6259",NA
"6260",NA
"6261",NA
"6262",1
"6263",NA
"6264",NA
"6265",1
"6266",NA
"6267",NA
"6268",NA
"6269",NA
"6270",NA
"6271",NA
"6272",NA
"6273",-1
"6274",1
"6275",-1
"6276",NA
"6277",NA
"6278",0
"6279",NA
"6280",1
"6281",NA
"6282",NA
"6283",NA
"6284",NA
"6285",0
"6286",NA
"6287",NA
"6288",-1
"6289",1
"6290",1
"6291",1
"6292",1
"6293",0
"6294",NA
"6295",1
"6296",1
"6297",NA
"6298",NA
"6299",1
"6300",1
"6301",1
"6302",NA
"6303",0.5
"6304",NA
"6305",1
"6306",0
"6307",0
"6308",0
"6309",NA
"6310",NA
"6311",NA
"6312",0.0588235294117647
"6313",1
"6314",-0.333333333333333
"6315",NA
"6316",-0.333333333333333
"6317",NA
"6318",0
"6319",0
"6320",NA
"6321",NA
"6322",NA
"6323",NA
"6324",0.6
"6325",-1
"6326",0.555555555555556
"6327",-1
"6328",NA
"6329",0
"6330",0.5
"6331",0
"6332",-1
"6333",NA
"6334",NA
"6335",1
"6336",NA
"6337",1
"6338",NA
"6339",1
"6340",NA
"6341",NA
"6342",0
"6343",0
"6344",NA
"6345",NA
"6346",-1
"6347",NA
"6348",NA
"6349",-1
"6350",NA
"6351",0.333333333333333
"6352",NA
"6353",NA
"6354",NA
"6355",NA
"6356",-1
"6357",NA
"6358",NA
"6359",NA
"6360",0.142857142857143
"6361",0.125
"6362",-1
"6363",NA
"6364",-1
"6365",-1
"6366",NA
"6367",NA
"6368",1
"6369",NA
"6370",NA
"6371",NA
"6372",NA
"6373",NA
"6374",NA
"6375",1
"6376",1
"6377",NA
"6378",NA
"6379",0
"6380",NA
"6381",NA
"6382",NA
"6383",0
"6384",1
"6385",NA
"6386",NA
"6387",NA
"6388",NA
"6389",NA
"6390",NA
"6391",NA
"6392",NA
"6393",NA
"6394",NA
"6395",NA
"6396",NA
"6397",NA
"6398",NA
"6399",NA
"6400",-1
"6401",NA
"6402",NA
"6403",1
"6404",NA
"6405",NA
"6406",1
"6407",1
"6408",NA
"6409",1
"6410",NA
"6411",NA
"6412",NA
"6413",NA
"6414",NA
"6415",0.333333333333333
"6416",NA
"6417",NA
"6418",NA
"6419",NA
"6420",NA
"6421",NA
"6422",NA
"6423",NA
"6424",NA
"6425",NA
"6426",NA
"6427",NA
"6428",NA
"6429",NA
"6430",NA
"6431",NA
"6432",NA
"6433",NA
"6434",NA
"6435",NA
"6436",NA
"6437",NA
"6438",NA
"6439",NA
"6440",NA
"6441",NA
"6442",NA
"6443",NA
"6444",NA
"6445",NA
"6446",NA
"6447",NA
"6448",NA
"6449",NA
"6450",NA
"6451",NA
"6452",NA
"6453",-1
"6454",NA
"6455",NA
"6456",NA
"6457",NA
"6458",NA
"6459",NA
"6460",NA
"6461",NA
"6462",NA
"6463",1
"6464",NA
"6465",1
"6466",NA
"6467",1
"6468",1
"6469",NA
"6470",1
"6471",NA
"6472",-1
"6473",NA
"6474",NA
"6475",NA
"6476",NA
"6477",NA
"6478",NA
"6479",NA
"6480",NA
"6481",NA
"6482",NA
"6483",NA
"6484",NA
"6485",-1
"6486",NA
"6487",NA
"6488",NA
"6489",-0.666666666666667
"6490",NA
"6491",1
"6492",NA
"6493",NA
"6494",NA
"6495",0
"6496",0
"6497",1
"6498",NA
"6499",1
"6500",NA
"6501",NA
"6502",NA
"6503",-1
"6504",-1
"6505",-0.6
"6506",1
"6507",NA
"6508",1
"6509",NA
"6510",NA
"6511",NA
"6512",-1
"6513",NA
"6514",NA
"6515",NA
"6516",NA
"6517",1
"6518",NA
"6519",NA
"6520",NA
"6521",NA
"6522",-1
"6523",NA
"6524",NA
"6525",NA
"6526",NA
"6527",NA
"6528",NA
"6529",NA
"6530",NA
"6531",NA
"6532",NA
"6533",NA
"6534",-1
"6535",NA
"6536",NA
"6537",NA
"6538",NA
"6539",NA
"6540",NA
"6541",NA
"6542",1
"6543",1
"6544",NA
"6545",NA
"6546",NA
"6547",-1
"6548",-0.333333333333333
"6549",1
"6550",NA
"6551",-1
"6552",NA
"6553",NA
"6554",NA
"6555",-1
"6556",-0.333333333333333
"6557",-1
"6558",NA
"6559",NA
"6560",NA
"6561",NA
"6562",0
"6563",NA
"6564",NA
"6565",NA
"6566",0.333333333333333
"6567",-1
"6568",NA
"6569",NA
"6570",0
"6571",-1
"6572",NA
"6573",NA
"6574",1
"6575",NA
"6576",NA
"6577",NA
"6578",-1
"6579",NA
"6580",-1
"6581",NA
"6582",NA
"6583",NA
"6584",-1
"6585",NA
"6586",NA
"6587",NA
"6588",NA
"6589",NA
"6590",NA
"6591",0
"6592",NA
"6593",NA
"6594",NA
"6595",NA
"6596",NA
"6597",-1
"6598",-1
"6599",NA
"6600",-1
"6601",NA
"6602",-1
"6603",-1
"6604",-0.5
"6605",-1
"6606",NA
"6607",NA
"6608",NA
"6609",NA
"6610",NA
"6611",-0.142857142857143
"6612",NA
"6613",NA
"6614",-1
"6615",0
"6616",NA
"6617",1
"6618",-1
"6619",-1
"6620",-0.428571428571429
"6621",NA
"6622",-1
"6623",NA
"6624",-0.818181818181818
"6625",-0.846153846153846
"6626",-1
"6627",-1
"6628",NA
"6629",NA
"6630",NA
"6631",NA
"6632",NA
"6633",NA
"6634",NA
"6635",NA
"6636",-0.818181818181818
"6637",NA
"6638",NA
"6639",-1
"6640",NA
"6641",-1
"6642",NA
"6643",1
"6644",NA
"6645",-1
"6646",-1
"6647",-0.6
"6648",-1
"6649",0
"6650",NA
"6651",1
"6652",1
"6653",NA
"6654",1
"6655",-1
"6656",NA
"6657",NA
"6658",-1
"6659",NA
"6660",1
"6661",NA
"6662",-1
"6663",-0.6
"6664",-1
"6665",-1
"6666",NA
"6667",NA
"6668",NA
"6669",-0.8
"6670",0
"6671",1
"6672",-0.666666666666667
"6673",NA
"6674",-1
"6675",-0.333333333333333
"6676",-1
"6677",-1
"6678",-1
"6679",-0.714285714285714
"6680",-1
"6681",0
"6682",-1
"6683",-1
"6684",-1
"6685",-1
"6686",-1
"6687",-1
"6688",-1
"6689",-0.333333333333333
"6690",-1
"6691",NA
"6692",NA
"6693",NA
"6694",NA
"6695",NA
"6696",1
"6697",NA
"6698",NA
"6699",NA
"6700",-1
"6701",NA
"6702",NA
"6703",0.714285714285714
"6704",NA
"6705",NA
"6706",NA
"6707",NA
"6708",NA
"6709",NA
"6710",NA
"6711",NA
"6712",0.846153846153846
"6713",0.833333333333333
"6714",NA
"6715",NA
"6716",NA
"6717",NA
"6718",NA
"6719",NA
