"","Household$Tone"
"1",NA
"2",NA
"3",NA
"4",NA
"5",NA
"6",NA
"7",-1
"8",-1
"9",NA
"10",-1
"11",NA
"12",1
"13",NA
"14",NA
"15",-1
"16",1
"17",NA
"18",NA
"19",NA
"20",NA
"21",1
"22",NA
"23",NA
"24",NA
"25",1
"26",NA
"27",NA
"28",1
"29",NA
"30",1
"31",NA
"32",NA
"33",NA
"34",1
"35",NA
"36",NA
"37",NA
"38",-1
"39",NA
"40",NA
"41",NA
"42",NA
"43",NA
"44",NA
"45",-0.2
"46",NA
"47",NA
"48",0
"49",NA
"50",NA
"51",NA
"52",NA
"53",1
"54",0.333333333333333
"55",NA
"56",1
"57",1
"58",-1
"59",NA
"60",NA
"61",-0.5
"62",NA
"63",0.333333333333333
"64",NA
"65",NA
"66",0.142857142857143
"67",1
"68",NA
"69",0.333333333333333
"70",0.666666666666667
"71",NA
"72",NA
"73",NA
"74",NA
"75",NA
"76",0.666666666666667
"77",NA
"78",-1
"79",NA
"80",NA
"81",0.5
"82",NA
"83",NA
"84",NA
"85",-1
"86",-1
"87",NA
"88",NA
"89",1
"90",1
"91",NA
"92",NA
"93",1
"94",1
"95",NA
"96",1
"97",NA
"98",NA
"99",NA
"100",NA
"101",NA
"102",NA
"103",NA
"104",NA
"105",NA
"106",NA
"107",NA
"108",NA
"109",NA
"110",NA
"111",NA
"112",-1
"113",NA
"114",NA
"115",NA
"116",NA
"117",-1
"118",NA
"119",NA
"120",NA
"121",1
"122",NA
"123",NA
"124",NA
"125",NA
"126",NA
"127",1
"128",-1
"129",NA
"130",-1
"131",NA
"132",NA
"133",0.2
"134",-1
"135",NA
"136",NA
"137",NA
"138",NA
"139",NA
"140",NA
"141",NA
"142",1
"143",-1
"144",-1
"145",1
"146",NA
"147",NA
"148",0.333333333333333
"149",NA
"150",-1
"151",1
"152",NA
"153",1
"154",NA
"155",NA
"156",NA
"157",-1
"158",NA
"159",NA
"160",NA
"161",NA
"162",-1
"163",1
"164",NA
"165",1
"166",NA
"167",NA
"168",NA
"169",NA
"170",1
"171",NA
"172",NA
"173",NA
"174",NA
"175",NA
"176",NA
"177",NA
"178",-1
"179",NA
"180",NA
"181",NA
"182",NA
"183",NA
"184",1
"185",NA
"186",1
"187",NA
"188",NA
"189",NA
"190",NA
"191",NA
"192",NA
"193",NA
"194",NA
"195",NA
"196",NA
"197",NA
"198",NA
"199",NA
"200",NA
"201",0.75
"202",NA
"203",NA
"204",NA
"205",NA
"206",NA
"207",NA
"208",NA
"209",NA
"210",NA
"211",NA
"212",NA
"213",NA
"214",NA
"215",NA
"216",NA
"217",NA
"218",NA
"219",NA
"220",1
"221",NA
"222",1
"223",NA
"224",NA
"225",1
"226",NA
"227",NA
"228",1
"229",NA
"230",NA
"231",1
"232",NA
"233",NA
"234",NA
"235",1
"236",NA
"237",0.666666666666667
"238",NA
"239",NA
"240",NA
"241",NA
"242",NA
"243",NA
"244",NA
"245",NA
"246",NA
"247",1
"248",NA
"249",NA
"250",NA
"251",NA
"252",0.555555555555556
"253",NA
"254",NA
"255",NA
"256",-0.428571428571429
"257",NA
"258",1
"259",NA
"260",NA
"261",NA
"262",NA
"263",NA
"264",NA
"265",NA
"266",NA
"267",NA
"268",NA
"269",NA
"270",NA
"271",NA
"272",NA
"273",1
"274",1
"275",1
"276",NA
"277",NA
"278",NA
"279",NA
"280",NA
"281",1
"282",1
"283",NA
"284",-1
"285",NA
"286",1
"287",NA
"288",1
"289",1
"290",-1
"291",NA
"292",NA
"293",NA
"294",NA
"295",1
"296",NA
"297",NA
"298",NA
"299",NA
"300",1
"301",NA
"302",NA
"303",NA
"304",NA
"305",NA
"306",NA
"307",NA
"308",NA
"309",NA
"310",1
"311",1
"312",-1
"313",NA
"314",NA
"315",1
"316",NA
"317",NA
"318",NA
"319",NA
"320",NA
"321",-1
"322",NA
"323",NA
"324",NA
"325",1
"326",NA
"327",NA
"328",NA
"329",NA
"330",NA
"331",NA
"332",1
"333",NA
"334",NA
"335",NA
"336",NA
"337",1
"338",1
"339",NA
"340",1
"341",1
"342",1
"343",1
"344",1
"345",NA
"346",1
"347",NA
"348",1
"349",NA
"350",NA
"351",1
"352",1
"353",NA
"354",1
"355",1
"356",1
"357",1
"358",1
"359",NA
"360",NA
"361",NA
"362",NA
"363",1
"364",NA
"365",NA
"366",NA
"367",1
"368",NA
"369",0
"370",NA
"371",NA
"372",NA
"373",NA
"374",NA
"375",NA
"376",1
"377",0
"378",NA
"379",NA
"380",NA
"381",NA
"382",NA
"383",NA
"384",NA
"385",0.636363636363636
"386",NA
"387",NA
"388",NA
"389",-1
"390",NA
"391",NA
"392",NA
"393",NA
"394",NA
"395",1
"396",NA
"397",0.333333333333333
"398",1
"399",-1
"400",NA
"401",0.666666666666667
"402",NA
"403",1
"404",1
"405",-1
"406",NA
"407",NA
"408",NA
"409",NA
"410",NA
"411",NA
"412",1
"413",NA
"414",NA
"415",NA
"416",-1
"417",NA
"418",NA
"419",-1
"420",-1
"421",NA
"422",NA
"423",NA
"424",-1
"425",NA
"426",NA
"427",NA
"428",1
"429",1
"430",NA
"431",-1
"432",NA
"433",1
"434",NA
"435",1
"436",NA
"437",NA
"438",NA
"439",NA
"440",NA
"441",1
"442",NA
"443",NA
"444",1
"445",NA
"446",NA
"447",NA
"448",1
"449",NA
"450",NA
"451",NA
"452",NA
"453",1
"454",0
"455",NA
"456",NA
"457",NA
"458",NA
"459",-1
"460",NA
"461",NA
"462",NA
"463",NA
"464",NA
"465",NA
"466",1
"467",NA
"468",NA
"469",-0.333333333333333
"470",NA
"471",NA
"472",NA
"473",NA
"474",0
"475",NA
"476",NA
"477",0
"478",NA
"479",NA
"480",NA
"481",0.714285714285714
"482",NA
"483",0
"484",NA
"485",NA
"486",-1
"487",NA
"488",NA
"489",NA
"490",NA
"491",NA
"492",1
"493",NA
"494",NA
"495",NA
"496",NA
"497",NA
"498",NA
"499",1
"500",NA
"501",NA
"502",NA
"503",-1
"504",NA
"505",NA
"506",NA
"507",NA
"508",NA
"509",NA
"510",1
"511",NA
"512",NA
"513",NA
"514",NA
"515",NA
"516",NA
"517",NA
"518",NA
"519",NA
"520",NA
"521",0
"522",NA
"523",NA
"524",NA
"525",NA
"526",-1
"527",NA
"528",NA
"529",NA
"530",NA
"531",NA
"532",1
"533",NA
"534",NA
"535",NA
"536",NA
"537",1
"538",0
"539",NA
"540",0
"541",0
"542",NA
"543",NA
"544",1
"545",NA
"546",NA
"547",0.6
"548",NA
"549",-0.333333333333333
"550",1
"551",NA
"552",NA
"553",NA
"554",NA
"555",-1
"556",1
"557",1
"558",1
"559",NA
"560",NA
"561",-1
"562",0
"563",-1
"564",NA
"565",NA
"566",NA
"567",NA
"568",0.142857142857143
"569",NA
"570",NA
"571",1
"572",-1
"573",1
"574",NA
"575",NA
"576",NA
"577",NA
"578",NA
"579",NA
"580",NA
"581",NA
"582",-1
"583",NA
"584",1
"585",-1
"586",-1
"587",NA
"588",NA
"589",NA
"590",0.333333333333333
"591",0
"592",-0.666666666666667
"593",-0.333333333333333
"594",NA
"595",1
"596",-0.333333333333333
"597",1
"598",-1
"599",-1
"600",-1
"601",NA
"602",NA
"603",NA
"604",NA
"605",NA
"606",0.333333333333333
"607",1
"608",0.6
"609",NA
"610",NA
"611",NA
"612",1
"613",1
"614",NA
"615",-0.5
"616",NA
"617",-0.333333333333333
"618",0.2
"619",-1
"620",0.6
"621",1
"622",NA
"623",NA
"624",NA
"625",1
"626",-0.333333333333333
"627",-1
"628",NA
"629",0
"630",-1
"631",NA
"632",1
"633",NA
"634",0
"635",0.333333333333333
"636",NA
"637",-0.2
"638",NA
"639",NA
"640",-0.142857142857143
"641",-0.6
"642",NA
"643",NA
"644",1
"645",NA
"646",NA
"647",1
"648",NA
"649",1
"650",1
"651",-1
"652",NA
"653",NA
"654",NA
"655",NA
"656",1
"657",-0.5
"658",NA
"659",1
"660",NA
"661",NA
"662",0.333333333333333
"663",NA
"664",0.333333333333333
"665",NA
"666",-1
"667",NA
"668",NA
"669",-1
"670",-1
"671",-1
"672",NA
"673",-1
"674",0.428571428571429
"675",-0.2
"676",NA
"677",0
"678",1
"679",NA
"680",NA
"681",NA
"682",0
"683",0.142857142857143
"684",NA
"685",0
"686",-1
"687",NA
"688",0.333333333333333
"689",1
"690",1
"691",-1
"692",-1
"693",0.333333333333333
"694",NA
"695",1
"696",-1
"697",NA
"698",NA
"699",NA
"700",NA
"701",NA
"702",NA
"703",1
"704",-1
"705",NA
"706",1
"707",NA
"708",NA
"709",NA
"710",NA
"711",NA
"712",NA
"713",NA
"714",NA
"715",NA
"716",-1
"717",-1
"718",NA
"719",NA
"720",NA
"721",NA
"722",NA
"723",NA
"724",NA
"725",NA
"726",NA
"727",0
"728",NA
"729",NA
"730",NA
"731",-1
"732",NA
"733",-1
"734",NA
"735",NA
"736",NA
"737",NA
"738",NA
"739",NA
"740",NA
"741",NA
"742",NA
"743",1
"744",NA
"745",NA
"746",NA
"747",NA
"748",NA
"749",NA
"750",-1
"751",NA
"752",NA
"753",0.333333333333333
"754",NA
"755",NA
"756",0.5
"757",0.5
"758",NA
"759",NA
"760",1
"761",1
"762",NA
"763",0.333333333333333
"764",1
"765",NA
"766",NA
"767",-1
"768",NA
"769",1
"770",NA
"771",-1
"772",-1
"773",NA
"774",-1
"775",NA
"776",1
"777",NA
"778",NA
"779",1
"780",NA
"781",NA
"782",1
"783",1
"784",NA
"785",NA
"786",1
"787",-1
"788",1
"789",NA
"790",NA
"791",NA
"792",-1
"793",NA
"794",NA
"795",-1
"796",1
"797",NA
"798",NA
"799",NA
"800",NA
"801",1
"802",-1
"803",1
"804",NA
"805",0.2
"806",-1
"807",NA
"808",1
"809",NA
"810",NA
"811",0
"812",-1
"813",-1
"814",0
"815",0.2
"816",NA
"817",-1
"818",NA
"819",1
"820",NA
"821",-0.333333333333333
"822",0
"823",NA
"824",NA
"825",NA
"826",NA
"827",NA
"828",NA
"829",-1
"830",NA
"831",0
"832",NA
"833",-1
"834",0.5
"835",NA
"836",0.333333333333333
"837",NA
"838",NA
"839",NA
"840",0.333333333333333
"841",1
"842",1
"843",NA
"844",NA
"845",NA
"846",1
"847",NA
"848",-1
"849",NA
"850",1
"851",0.333333333333333
"852",NA
"853",NA
"854",1
"855",NA
"856",0.333333333333333
"857",0.5
"858",NA
"859",NA
"860",1
"861",NA
"862",1
"863",NA
"864",1
"865",1
"866",NA
"867",-1
"868",-1
"869",NA
"870",NA
"871",NA
"872",NA
"873",NA
"874",NA
"875",NA
"876",NA
"877",-1
"878",NA
"879",NA
"880",NA
"881",NA
"882",NA
"883",NA
"884",NA
"885",1
"886",NA
"887",NA
"888",NA
"889",NA
"890",NA
"891",NA
"892",0
"893",NA
"894",NA
"895",NA
"896",-1
"897",NA
"898",NA
"899",NA
"900",0
"901",1
"902",1
"903",NA
"904",NA
"905",NA
"906",1
"907",NA
"908",NA
"909",1
"910",1
"911",1
"912",NA
"913",0.666666666666667
"914",0.846153846153846
"915",NA
"916",NA
"917",1
"918",1
"919",0
"920",1
"921",1
"922",NA
"923",NA
"924",NA
"925",1
"926",-1
"927",-0.333333333333333
"928",-0.5
"929",NA
"930",NA
"931",NA
"932",0.5
"933",NA
"934",NA
"935",1
"936",NA
"937",NA
"938",NA
"939",0
"940",1
"941",NA
"942",NA
"943",1
"944",1
"945",1
"946",1
"947",NA
"948",NA
"949",1
"950",1
"951",NA
"952",NA
"953",1
"954",NA
"955",NA
"956",NA
"957",NA
"958",1
"959",1
"960",1
"961",NA
"962",1
"963",NA
"964",NA
"965",NA
"966",NA
"967",NA
"968",1
"969",NA
"970",NA
"971",1
"972",NA
"973",NA
"974",NA
"975",NA
"976",NA
"977",1
"978",NA
"979",NA
"980",NA
"981",NA
"982",1
"983",NA
"984",NA
"985",NA
"986",NA
"987",NA
"988",NA
"989",NA
"990",NA
"991",NA
"992",NA
"993",1
"994",NA
"995",NA
"996",1
"997",NA
"998",NA
"999",NA
"1000",NA
"1001",NA
"1002",NA
"1003",-0.2
"1004",NA
"1005",NA
"1006",0
"1007",NA
"1008",NA
"1009",NA
"1010",NA
"1011",1
"1012",0.333333333333333
"1013",NA
"1014",1
"1015",1
"1016",-1
"1017",NA
"1018",NA
"1019",-0.5
"1020",NA
"1021",0.333333333333333
"1022",NA
"1023",NA
"1024",0.142857142857143
"1025",1
"1026",NA
"1027",0.333333333333333
"1028",0.666666666666667
"1029",NA
"1030",NA
"1031",NA
"1032",NA
"1033",NA
"1034",0.666666666666667
"1035",NA
"1036",-1
"1037",NA
"1038",NA
"1039",0.5
"1040",NA
"1041",NA
"1042",NA
"1043",-1
"1044",-1
"1045",NA
"1046",NA
"1047",1
"1048",1
"1049",NA
"1050",NA
"1051",1
"1052",1
"1053",NA
"1054",1
"1055",NA
"1056",NA
"1057",NA
"1058",-1
"1059",NA
"1060",NA
"1061",NA
"1062",NA
"1063",-1
"1064",NA
"1065",NA
"1066",NA
"1067",1
"1068",NA
"1069",NA
"1070",NA
"1071",NA
"1072",NA
"1073",1
"1074",-1
"1075",NA
"1076",-1
"1077",-1
"1078",-1
"1079",NA
"1080",NA
"1081",0
"1082",NA
"1083",NA
"1084",1
"1085",NA
"1086",NA
"1087",NA
"1088",NA
"1089",1
"1090",NA
"1091",NA
"1092",1
"1093",NA
"1094",-1
"1095",NA
"1096",1
"1097",NA
"1098",NA
"1099",NA
"1100",NA
"1101",NA
"1102",1
"1103",NA
"1104",NA
"1105",NA
"1106",NA
"1107",NA
"1108",-1
"1109",NA
"1110",NA
"1111",NA
"1112",NA
"1113",1
"1114",NA
"1115",-1
"1116",NA
"1117",NA
"1118",NA
"1119",NA
"1120",NA
"1121",0.692307692307692
"1122",NA
"1123",NA
"1124",NA
"1125",NA
"1126",NA
"1127",NA
"1128",NA
"1129",1
"1130",NA
"1131",NA
"1132",0
"1133",NA
"1134",0
"1135",NA
"1136",1
"1137",NA
"1138",NA
"1139",NA
"1140",NA
"1141",NA
"1142",NA
"1143",NA
"1144",NA
"1145",1
"1146",0.666666666666667
"1147",1
"1148",1
"1149",1
"1150",NA
"1151",-1
"1152",0.733333333333333
"1153",NA
"1154",NA
"1155",NA
"1156",0
"1157",0.333333333333333
"1158",NA
"1159",NA
"1160",NA
"1161",NA
"1162",NA
"1163",NA
"1164",NA
"1165",0.5
"1166",NA
"1167",NA
"1168",NA
"1169",-1
"1170",NA
"1171",NA
"1172",1
"1173",NA
"1174",NA
"1175",1
"1176",NA
"1177",1
"1178",NA
"1179",1
"1180",NA
"1181",-1
"1182",NA
"1183",-1
"1184",1
"1185",NA
"1186",NA
"1187",NA
"1188",NA
"1189",-1
"1190",-1
"1191",NA
"1192",1
"1193",1
"1194",NA
"1195",0
"1196",NA
"1197",0
"1198",0
"1199",NA
"1200",NA
"1201",NA
"1202",1
"1203",NA
"1204",1
"1205",1
"1206",NA
"1207",NA
"1208",NA
"1209",NA
"1210",NA
"1211",NA
"1212",1
"1213",0.6
"1214",NA
"1215",0
"1216",1
"1217",NA
"1218",NA
"1219",NA
"1220",NA
"1221",NA
"1222",NA
"1223",-1
"1224",NA
"1225",0.636363636363636
"1226",NA
"1227",NA
"1228",NA
"1229",NA
"1230",NA
"1231",-1
"1232",NA
"1233",NA
"1234",1
"1235",NA
"1236",1
"1237",NA
"1238",-0.4
"1239",NA
"1240",-1
"1241",NA
"1242",NA
"1243",NA
"1244",1
"1245",NA
"1246",NA
"1247",NA
"1248",NA
"1249",NA
"1250",NA
"1251",NA
"1252",1
"1253",NA
"1254",NA
"1255",NA
"1256",NA
"1257",NA
"1258",1
"1259",1
"1260",NA
"1261",NA
"1262",1
"1263",NA
"1264",NA
"1265",NA
"1266",NA
"1267",NA
"1268",NA
"1269",NA
"1270",NA
"1271",NA
"1272",NA
"1273",NA
"1274",NA
"1275",NA
"1276",NA
"1277",NA
"1278",NA
"1279",-1
"1280",NA
"1281",NA
"1282",NA
"1283",NA
"1284",NA
"1285",NA
"1286",NA
"1287",NA
"1288",NA
"1289",NA
"1290",0
"1291",NA
"1292",-1
"1293",1
"1294",-1
"1295",NA
"1296",NA
"1297",NA
"1298",NA
"1299",0.2
"1300",-1
"1301",NA
"1302",NA
"1303",NA
"1304",NA
"1305",NA
"1306",NA
"1307",NA
"1308",1
"1309",-1
"1310",-1
"1311",1
"1312",NA
"1313",NA
"1314",0.333333333333333
"1315",NA
"1316",-1
"1317",1
"1318",NA
"1319",1
"1320",NA
"1321",NA
"1322",NA
"1323",NA
"1324",NA
"1325",NA
"1326",NA
"1327",NA
"1328",1
"1329",NA
"1330",NA
"1331",NA
"1332",NA
"1333",NA
"1334",-1
"1335",NA
"1336",NA
"1337",NA
"1338",1
"1339",NA
"1340",NA
"1341",1
"1342",NA
"1343",1
"1344",NA
"1345",NA
"1346",NA
"1347",NA
"1348",NA
"1349",1
"1350",-1
"1351",NA
"1352",NA
"1353",NA
"1354",NA
"1355",NA
"1356",0.333333333333333
"1357",NA
"1358",NA
"1359",NA
"1360",NA
"1361",NA
"1362",NA
"1363",NA
"1364",NA
"1365",NA
"1366",NA
"1367",NA
"1368",NA
"1369",-1
"1370",NA
"1371",1
"1372",NA
"1373",1
"1374",1
"1375",1
"1376",NA
"1377",NA
"1378",NA
"1379",NA
"1380",NA
"1381",-0.333333333333333
"1382",NA
"1383",NA
"1384",NA
"1385",NA
"1386",NA
"1387",1
"1388",NA
"1389",NA
"1390",NA
"1391",NA
"1392",NA
"1393",NA
"1394",NA
"1395",NA
"1396",0.333333333333333
"1397",NA
"1398",NA
"1399",NA
"1400",NA
"1401",NA
"1402",1
"1403",1
"1404",NA
"1405",NA
"1406",NA
"1407",1
"1408",NA
"1409",NA
"1410",NA
"1411",NA
"1412",1
"1413",NA
"1414",1
"1415",1
"1416",NA
"1417",NA
"1418",1
"1419",1
"1420",NA
"1421",NA
"1422",NA
"1423",NA
"1424",NA
"1425",NA
"1426",NA
"1427",1
"1428",NA
"1429",0.2
"1430",NA
"1431",1
"1432",NA
"1433",NA
"1434",NA
"1435",NA
"1436",NA
"1437",NA
"1438",1
"1439",NA
"1440",NA
"1441",1
"1442",1
"1443",NA
"1444",NA
"1445",NA
"1446",NA
"1447",NA
"1448",NA
"1449",1
"1450",NA
"1451",1
"1452",NA
"1453",NA
"1454",NA
"1455",NA
"1456",NA
"1457",NA
"1458",NA
"1459",NA
"1460",NA
"1461",NA
"1462",NA
"1463",NA
"1464",NA
"1465",NA
"1466",-0.333333333333333
"1467",NA
"1468",NA
"1469",NA
"1470",NA
"1471",NA
"1472",NA
"1473",NA
"1474",NA
"1475",NA
"1476",NA
"1477",NA
"1478",NA
"1479",NA
"1480",NA
"1481",NA
"1482",NA
"1483",NA
"1484",1
"1485",NA
"1486",NA
"1487",NA
"1488",NA
"1489",NA
"1490",NA
"1491",NA
"1492",NA
"1493",NA
"1494",NA
"1495",NA
"1496",NA
"1497",NA
"1498",NA
"1499",NA
"1500",NA
"1501",NA
"1502",NA
"1503",NA
"1504",NA
"1505",NA
"1506",NA
"1507",-1
"1508",NA
"1509",NA
"1510",NA
"1511",NA
"1512",NA
"1513",NA
"1514",NA
"1515",NA
"1516",NA
"1517",1
"1518",1
"1519",NA
"1520",-1
"1521",NA
"1522",1
"1523",NA
"1524",1
"1525",1
"1526",-1
"1527",NA
"1528",NA
"1529",NA
"1530",NA
"1531",1
"1532",NA
"1533",NA
"1534",NA
"1535",NA
"1536",1
"1537",NA
"1538",NA
"1539",NA
"1540",NA
"1541",NA
"1542",NA
"1543",NA
"1544",NA
"1545",NA
"1546",1
"1547",1
"1548",-1
"1549",NA
"1550",NA
"1551",1
"1552",NA
"1553",NA
"1554",NA
"1555",NA
"1556",NA
"1557",-1
"1558",NA
"1559",NA
"1560",NA
"1561",NA
"1562",1
"1563",NA
"1564",0.2
"1565",NA
"1566",NA
"1567",NA
"1568",NA
"1569",NA
"1570",NA
"1571",NA
"1572",NA
"1573",NA
"1574",NA
"1575",1
"1576",0
"1577",1
"1578",NA
"1579",1
"1580",NA
"1581",NA
"1582",NA
"1583",NA
"1584",1
"1585",NA
"1586",1
"1587",1
"1588",1
"1589",NA
"1590",1
"1591",NA
"1592",NA
"1593",NA
"1594",1
"1595",NA
"1596",NA
"1597",NA
"1598",1
"1599",-1
"1600",1
"1601",NA
"1602",NA
"1603",-1
"1604",NA
"1605",NA
"1606",NA
"1607",NA
"1608",NA
"1609",NA
"1610",NA
"1611",NA
"1612",NA
"1613",NA
"1614",NA
"1615",1
"1616",-1
"1617",NA
"1618",NA
"1619",NA
"1620",NA
"1621",NA
"1622",NA
"1623",NA
"1624",NA
"1625",NA
"1626",NA
"1627",NA
"1628",NA
"1629",NA
"1630",1
"1631",NA
"1632",NA
"1633",NA
"1634",NA
"1635",NA
"1636",NA
"1637",NA
"1638",NA
"1639",NA
"1640",NA
"1641",1
"1642",1
"1643",1
"1644",NA
"1645",NA
"1646",NA
"1647",1
"1648",NA
"1649",NA
"1650",NA
"1651",-1
"1652",NA
"1653",NA
"1654",NA
"1655",NA
"1656",NA
"1657",1
"1658",NA
"1659",NA
"1660",NA
"1661",1
"1662",NA
"1663",NA
"1664",1
"1665",NA
"1666",1
"1667",0
"1668",NA
"1669",NA
"1670",NA
"1671",1
"1672",NA
"1673",NA
"1674",1
"1675",1
"1676",NA
"1677",1
"1678",NA
"1679",1
"1680",NA
"1681",-1
"1682",1
"1683",NA
"1684",1
"1685",1
"1686",NA
"1687",1
"1688",1
"1689",NA
"1690",NA
"1691",NA
"1692",1
"1693",NA
"1694",1
"1695",1
"1696",1
"1697",NA
"1698",NA
"1699",NA
"1700",1
"1701",1
"1702",NA
"1703",NA
"1704",1
"1705",NA
"1706",1
"1707",NA
"1708",NA
"1709",NA
"1710",NA
"1711",1
"1712",0
"1713",-0.333333333333333
"1714",1
"1715",NA
"1716",NA
"1717",NA
"1718",NA
"1719",NA
"1720",NA
"1721",-1
"1722",NA
"1723",NA
"1724",1
"1725",1
"1726",NA
"1727",1
"1728",NA
"1729",1
"1730",NA
"1731",NA
"1732",1
"1733",1
"1734",NA
"1735",1
"1736",1
"1737",1
"1738",1
"1739",1
"1740",NA
"1741",NA
"1742",NA
"1743",NA
"1744",1
"1745",1
"1746",NA
"1747",1
"1748",NA
"1749",1
"1750",NA
"1751",NA
"1752",1
"1753",1
"1754",NA
"1755",1
"1756",1
"1757",1
"1758",1
"1759",1
"1760",NA
"1761",NA
"1762",NA
"1763",NA
"1764",NA
"1765",0
"1766",NA
"1767",NA
"1768",NA
"1769",NA
"1770",NA
"1771",NA
"1772",NA
"1773",NA
"1774",NA
"1775",NA
"1776",NA
"1777",NA
"1778",NA
"1779",NA
"1780",1
"1781",NA
"1782",NA
"1783",NA
"1784",1
"1785",1
"1786",1
"1787",1
"1788",NA
"1789",NA
"1790",NA
"1791",NA
"1792",NA
"1793",1
"1794",1
"1795",NA
"1796",NA
"1797",NA
"1798",NA
"1799",0.818181818181818
"1800",NA
"1801",1
"1802",NA
"1803",0.2
"1804",NA
"1805",NA
"1806",1
"1807",NA
"1808",0.714285714285714
"1809",NA
"1810",NA
"1811",1
"1812",0.5
"1813",1
"1814",NA
"1815",0.5
"1816",NA
"1817",1
"1818",NA
"1819",NA
"1820",NA
"1821",NA
"1822",NA
"1823",NA
"1824",NA
"1825",NA
"1826",NA
"1827",NA
"1828",NA
"1829",NA
"1830",1
"1831",NA
"1832",NA
"1833",1
"1834",NA
"1835",NA
"1836",NA
"1837",1
"1838",0.5
"1839",NA
"1840",NA
"1841",NA
"1842",1
"1843",NA
"1844",1
"1845",1
"1846",NA
"1847",1
"1848",0.6
"1849",1
"1850",NA
"1851",1
"1852",NA
"1853",-1
"1854",NA
"1855",NA
"1856",NA
"1857",NA
"1858",1
"1859",1
"1860",1
"1861",1
"1862",1
"1863",NA
"1864",NA
"1865",0
"1866",NA
"1867",NA
"1868",NA
"1869",NA
"1870",1
"1871",NA
"1872",NA
"1873",NA
"1874",NA
"1875",NA
"1876",NA
"1877",NA
"1878",NA
"1879",1
"1880",NA
"1881",NA
"1882",NA
"1883",0.545454545454545
"1884",0
"1885",NA
"1886",1
"1887",NA
"1888",NA
"1889",NA
"1890",1
"1891",NA
"1892",NA
"1893",NA
"1894",1
"1895",-1
"1896",NA
"1897",NA
"1898",NA
"1899",1
"1900",NA
"1901",NA
"1902",NA
"1903",1
"1904",1
"1905",NA
"1906",NA
"1907",NA
"1908",NA
"1909",NA
"1910",1
"1911",NA
"1912",NA
"1913",NA
"1914",1
"1915",NA
"1916",1
"1917",1
"1918",NA
"1919",1
"1920",1
"1921",NA
"1922",1
"1923",1
"1924",NA
"1925",NA
"1926",0
"1927",1
"1928",1
"1929",0.538461538461538
"1930",1
"1931",0.75
"1932",NA
"1933",NA
"1934",1
"1935",NA
"1936",NA
"1937",NA
"1938",1
"1939",0.714285714285714
"1940",NA
"1941",1
"1942",NA
"1943",1
"1944",0.714285714285714
"1945",1
"1946",1
"1947",NA
"1948",NA
"1949",1
"1950",NA
"1951",NA
"1952",1
"1953",NA
"1954",1
"1955",0.333333333333333
"1956",1
"1957",NA
"1958",NA
"1959",NA
"1960",1
"1961",NA
"1962",NA
"1963",NA
"1964",1
"1965",NA
"1966",NA
"1967",NA
"1968",NA
"1969",1
"1970",NA
"1971",1
"1972",1
"1973",NA
"1974",1
"1975",1
"1976",NA
"1977",NA
"1978",NA
"1979",1
"1980",NA
"1981",1
"1982",1
"1983",1
"1984",1
"1985",NA
"1986",NA
"1987",1
"1988",0
"1989",NA
"1990",1
"1991",1
"1992",NA
"1993",NA
"1994",NA
"1995",1
"1996",NA
"1997",1
"1998",NA
"1999",1
"2000",0.666666666666667
"2001",1
"2002",1
"2003",NA
"2004",1
"2005",NA
"2006",NA
"2007",NA
"2008",1
"2009",NA
"2010",1
"2011",NA
"2012",1
"2013",1
"2014",NA
"2015",NA
"2016",NA
"2017",1
"2018",0
"2019",NA
"2020",NA
"2021",NA
"2022",-1
"2023",NA
"2024",NA
"2025",1
"2026",NA
"2027",NA
"2028",NA
"2029",NA
"2030",NA
"2031",NA
"2032",NA
"2033",NA
"2034",NA
"2035",NA
"2036",NA
"2037",0.5
"2038",NA
"2039",1
"2040",NA
"2041",1
"2042",1
"2043",1
"2044",0
"2045",0.333333333333333
"2046",1
"2047",NA
"2048",NA
"2049",1
"2050",NA
"2051",NA
"2052",1
"2053",NA
"2054",NA
"2055",0.6
"2056",NA
"2057",1
"2058",NA
"2059",1
"2060",NA
"2061",NA
"2062",0.2
"2063",NA
"2064",NA
"2065",NA
"2066",NA
"2067",NA
"2068",1
"2069",-1
"2070",NA
"2071",NA
"2072",1
"2073",0.333333333333333
"2074",NA
"2075",1
"2076",NA
"2077",NA
"2078",1
"2079",-1
"2080",NA
"2081",NA
"2082",NA
"2083",NA
"2084",0.5
"2085",1
"2086",1
"2087",NA
"2088",NA
"2089",1
"2090",1
"2091",1
"2092",NA
"2093",1
"2094",NA
"2095",NA
"2096",NA
"2097",1
"2098",NA
"2099",NA
"2100",1
"2101",NA
"2102",NA
"2103",NA
"2104",NA
"2105",-1
"2106",NA
"2107",NA
"2108",NA
"2109",NA
"2110",NA
"2111",NA
"2112",NA
"2113",NA
"2114",NA
"2115",NA
"2116",NA
"2117",NA
"2118",NA
"2119",1
"2120",NA
"2121",NA
"2122",NA
"2123",NA
"2124",NA
"2125",1
"2126",NA
"2127",NA
"2128",0.333333333333333
"2129",NA
"2130",0.333333333333333
"2131",1
"2132",1
"2133",NA
"2134",NA
"2135",1
"2136",NA
"2137",1
"2138",1
"2139",NA
"2140",NA
"2141",NA
"2142",0.333333333333333
"2143",NA
"2144",NA
"2145",1
"2146",0
"2147",1
"2148",NA
"2149",0.5
"2150",NA
"2151",NA
"2152",0
"2153",NA
"2154",NA
"2155",NA
"2156",0.142857142857143
"2157",1
"2158",NA
"2159",NA
"2160",NA
"2161",NA
"2162",-1
"2163",0.333333333333333
"2164",1
"2165",NA
"2166",0
"2167",NA
"2168",1
"2169",1
"2170",0.714285714285714
"2171",1
"2172",1
"2173",NA
"2174",NA
"2175",NA
"2176",NA
"2177",NA
"2178",1
"2179",NA
"2180",NA
"2181",NA
"2182",NA
"2183",1
"2184",1
"2185",NA
"2186",NA
"2187",NA
"2188",1
"2189",NA
"2190",NA
"2191",-0.333333333333333
"2192",1
"2193",NA
"2194",NA
"2195",NA
"2196",NA
"2197",NA
"2198",NA
"2199",NA
"2200",NA
"2201",NA
"2202",1
"2203",NA
"2204",1
"2205",NA
"2206",NA
"2207",NA
"2208",NA
"2209",-1
"2210",0.6
"2211",1
"2212",NA
"2213",0.714285714285714
"2214",1
"2215",NA
"2216",NA
"2217",1
"2218",1
"2219",NA
"2220",NA
"2221",NA
"2222",NA
"2223",NA
"2224",0
"2225",NA
"2226",NA
"2227",1
"2228",-0.333333333333333
"2229",NA
"2230",-1
"2231",-1
"2232",NA
"2233",NA
"2234",NA
"2235",NA
"2236",NA
"2237",NA
"2238",NA
"2239",1
"2240",-1
"2241",NA
"2242",NA
"2243",-0.333333333333333
"2244",NA
"2245",-1
"2246",NA
"2247",0.333333333333333
"2248",NA
"2249",1
"2250",-0.333333333333333
"2251",NA
"2252",-0.333333333333333
"2253",1
"2254",1
"2255",NA
"2256",NA
"2257",1
"2258",NA
"2259",0
"2260",0.6
"2261",NA
"2262",NA
"2263",-1
"2264",1
"2265",1
"2266",NA
"2267",NA
"2268",NA
"2269",NA
"2270",NA
"2271",NA
"2272",NA
"2273",-1
"2274",NA
"2275",NA
"2276",NA
"2277",NA
"2278",NA
"2279",NA
"2280",0.304347826086957
"2281",NA
"2282",0.304347826086957
"2283",0
"2284",NA
"2285",NA
"2286",-1
"2287",0.0909090909090909
"2288",0
"2289",NA
"2290",NA
"2291",-0.2
"2292",NA
"2293",NA
"2294",1
"2295",0
"2296",1
"2297",NA
"2298",1
"2299",-1
"2300",NA
"2301",NA
"2302",NA
"2303",NA
"2304",NA
"2305",0.2
"2306",NA
"2307",NA
"2308",NA
"2309",1
"2310",NA
"2311",NA
"2312",NA
"2313",1
"2314",NA
"2315",NA
"2316",1
"2317",NA
"2318",-0.111111111111111
"2319",NA
"2320",NA
"2321",NA
"2322",1
"2323",NA
"2324",NA
"2325",NA
"2326",1
"2327",NA
"2328",1
"2329",NA
"2330",NA
"2331",NA
"2332",-1
"2333",NA
"2334",0
"2335",NA
"2336",NA
"2337",-0.5
"2338",-1
"2339",-1
"2340",1
"2341",1
"2342",1
"2343",0.5
"2344",1
"2345",-1
"2346",NA
"2347",0.5
"2348",0.333333333333333
"2349",NA
"2350",NA
"2351",NA
"2352",-1
"2353",NA
"2354",1
"2355",NA
"2356",0.333333333333333
"2357",NA
"2358",NA
"2359",NA
"2360",NA
"2361",NA
"2362",-1
"2363",0.333333333333333
"2364",-1
"2365",NA
"2366",NA
"2367",NA
"2368",-0.333333333333333
"2369",NA
"2370",NA
"2371",1
"2372",NA
"2373",NA
"2374",1
"2375",NA
"2376",NA
"2377",1
"2378",1
"2379",-0.454545454545455
"2380",NA
"2381",0
"2382",1
"2383",0
"2384",NA
"2385",NA
"2386",1
"2387",0
"2388",NA
"2389",NA
"2390",1
"2391",1
"2392",-1
"2393",1
"2394",1
"2395",1
"2396",-1
"2397",NA
"2398",NA
"2399",1
"2400",-0.333333333333333
"2401",NA
"2402",-1
"2403",-0.333333333333333
"2404",NA
"2405",NA
"2406",-0.428571428571429
"2407",1
"2408",NA
"2409",1
"2410",NA
"2411",NA
"2412",NA
"2413",0.4
"2414",NA
"2415",1
"2416",NA
"2417",NA
"2418",1
"2419",NA
"2420",NA
"2421",NA
"2422",NA
"2423",NA
"2424",NA
"2425",0.2
"2426",1
"2427",NA
"2428",NA
"2429",NA
"2430",NA
"2431",NA
"2432",NA
"2433",NA
"2434",NA
"2435",NA
"2436",-1
"2437",NA
"2438",1
"2439",NA
"2440",NA
"2441",NA
"2442",NA
"2443",NA
"2444",NA
"2445",1
"2446",NA
"2447",1
"2448",NA
"2449",NA
"2450",NA
"2451",NA
"2452",NA
"2453",NA
"2454",NA
"2455",NA
"2456",NA
"2457",NA
"2458",NA
"2459",NA
"2460",1
"2461",1
"2462",NA
"2463",NA
"2464",NA
"2465",NA
"2466",NA
"2467",1
"2468",NA
"2469",NA
"2470",1
"2471",NA
"2472",NA
"2473",1
"2474",NA
"2475",0.333333333333333
"2476",0
"2477",NA
"2478",NA
"2479",NA
"2480",NA
"2481",NA
"2482",NA
"2483",-1
"2484",NA
"2485",NA
"2486",NA
"2487",NA
"2488",NA
"2489",-1
"2490",1
"2491",-1
"2492",1
"2493",NA
"2494",NA
"2495",NA
"2496",-0.333333333333333
"2497",-1
"2498",NA
"2499",1
"2500",NA
"2501",1
"2502",NA
"2503",NA
"2504",1
"2505",1
"2506",1
"2507",NA
"2508",-1
"2509",NA
"2510",NA
"2511",1
"2512",NA
"2513",-1
"2514",1
"2515",NA
"2516",1
"2517",NA
"2518",1
"2519",1
"2520",-1
"2521",1
"2522",NA
"2523",1
"2524",NA
"2525",0
"2526",1
"2527",NA
"2528",NA
"2529",-0.333333333333333
"2530",1
"2531",NA
"2532",1
"2533",NA
"2534",-1
"2535",1
"2536",-1
"2537",NA
"2538",NA
"2539",NA
"2540",NA
"2541",1
"2542",NA
"2543",NA
"2544",NA
"2545",NA
"2546",NA
"2547",1
"2548",0
"2549",1
"2550",0
"2551",NA
"2552",1
"2553",NA
"2554",NA
"2555",NA
"2556",1
"2557",NA
"2558",NA
"2559",1
"2560",NA
"2561",NA
"2562",1
"2563",NA
"2564",NA
"2565",NA
"2566",0
"2567",1
"2568",NA
"2569",0.333333333333333
"2570",NA
"2571",NA
"2572",NA
"2573",NA
"2574",NA
"2575",NA
"2576",NA
"2577",-1
"2578",NA
"2579",NA
"2580",NA
"2581",NA
"2582",NA
"2583",-0.5
"2584",-1
"2585",0
"2586",0.333333333333333
"2587",NA
"2588",NA
"2589",NA
"2590",0
"2591",NA
"2592",NA
"2593",1
"2594",NA
"2595",NA
"2596",NA
"2597",1
"2598",-1
"2599",1
"2600",NA
"2601",NA
"2602",NA
"2603",NA
"2604",1
"2605",NA
"2606",1
"2607",-1
"2608",1
"2609",1
"2610",1
"2611",-1
"2612",NA
"2613",0
"2614",-1
"2615",NA
"2616",NA
"2617",NA
"2618",-0.333333333333333
"2619",1
"2620",NA
"2621",NA
"2622",1
"2623",NA
"2624",1
"2625",1
"2626",NA
"2627",1
"2628",NA
"2629",0.333333333333333
"2630",NA
"2631",-0.25
"2632",NA
"2633",1
"2634",NA
"2635",NA
"2636",NA
"2637",NA
"2638",NA
"2639",-0.5
"2640",1
"2641",NA
"2642",-1
"2643",NA
"2644",0.333333333333333
"2645",NA
"2646",-1
"2647",NA
"2648",NA
"2649",0
"2650",-1
"2651",NA
"2652",NA
"2653",NA
"2654",1
"2655",1
"2656",NA
"2657",NA
"2658",NA
"2659",NA
"2660",NA
"2661",NA
"2662",-1
"2663",NA
"2664",NA
"2665",1
"2666",1
"2667",NA
"2668",0.333333333333333
"2669",NA
"2670",1
"2671",NA
"2672",NA
"2673",1
"2674",NA
"2675",NA
"2676",NA
"2677",1
"2678",1
"2679",1
"2680",1
"2681",NA
"2682",1
"2683",NA
"2684",-0.333333333333333
"2685",NA
"2686",NA
"2687",-0.5
"2688",NA
"2689",1
"2690",NA
"2691",0.428571428571429
"2692",1
"2693",1
"2694",NA
"2695",-1
"2696",1
"2697",NA
"2698",NA
"2699",0.333333333333333
"2700",0.25
"2701",1
"2702",NA
"2703",-1
"2704",NA
"2705",1
"2706",NA
"2707",1
"2708",1
"2709",-1
"2710",NA
"2711",NA
"2712",NA
"2713",NA
"2714",1
"2715",NA
"2716",NA
"2717",NA
"2718",NA
"2719",-0.333333333333333
"2720",NA
"2721",NA
"2722",NA
"2723",0.333333333333333
"2724",-1
"2725",NA
"2726",1
"2727",NA
"2728",NA
"2729",-1
"2730",NA
"2731",NA
"2732",NA
"2733",NA
"2734",NA
"2735",NA
"2736",NA
"2737",NA
"2738",1
"2739",-1
"2740",1
"2741",0
"2742",1
"2743",-1
"2744",NA
"2745",1
"2746",NA
"2747",NA
"2748",-0.333333333333333
"2749",-0.578947368421053
"2750",1
"2751",-1
"2752",1
"2753",0.5
"2754",1
"2755",NA
"2756",0.333333333333333
"2757",1
"2758",NA
"2759",1
"2760",NA
"2761",0
"2762",0.2
"2763",NA
"2764",NA
"2765",0.333333333333333
"2766",NA
"2767",NA
"2768",-1
"2769",1
"2770",1
"2771",0.333333333333333
"2772",NA
"2773",-1
"2774",-0.6
"2775",1
"2776",1
"2777",1
"2778",-1
"2779",NA
"2780",NA
"2781",0.333333333333333
"2782",NA
"2783",NA
"2784",-1
"2785",1
"2786",1
"2787",-0.2
"2788",0.428571428571429
"2789",NA
"2790",1
"2791",NA
"2792",NA
"2793",0.714285714285714
"2794",0.5
"2795",-0.333333333333333
"2796",1
"2797",0.6
"2798",1
"2799",NA
"2800",NA
"2801",0.652173913043478
"2802",0.6
"2803",0.6
"2804",NA
"2805",1
"2806",1
"2807",NA
"2808",NA
"2809",NA
"2810",0
"2811",0.6
"2812",1
"2813",NA
"2814",NA
"2815",0.2
"2816",-0.733333333333333
"2817",1
"2818",1
"2819",-1
"2820",0.68
"2821",NA
"2822",1
"2823",0.333333333333333
"2824",1
"2825",-1
"2826",1
"2827",1
"2828",-1
"2829",1
"2830",-0.333333333333333
"2831",1
"2832",1
"2833",NA
"2834",1
"2835",1
"2836",NA
"2837",NA
"2838",1
"2839",NA
"2840",NA
"2841",NA
"2842",NA
"2843",NA
"2844",1
"2845",NA
"2846",NA
"2847",NA
"2848",1
"2849",-1
"2850",0
"2851",NA
"2852",1
"2853",1
"2854",-0.5
"2855",NA
"2856",NA
"2857",NA
"2858",NA
"2859",1
"2860",1
"2861",1
"2862",NA
"2863",NA
"2864",0
"2865",NA
"2866",-1
"2867",-0.5
"2868",0
"2869",1
"2870",NA
"2871",NA
"2872",0.666666666666667
"2873",0.333333333333333
"2874",1
"2875",0.777777777777778
"2876",NA
"2877",NA
"2878",NA
"2879",NA
"2880",0.5
"2881",NA
"2882",-0.333333333333333
"2883",1
"2884",0
"2885",1
"2886",NA
"2887",NA
"2888",1
"2889",NA
"2890",NA
"2891",NA
"2892",NA
"2893",NA
"2894",1
"2895",NA
"2896",1
"2897",NA
"2898",NA
"2899",NA
"2900",-0.125
"2901",NA
"2902",1
"2903",1
"2904",1
"2905",1
"2906",1
"2907",NA
"2908",-1
"2909",1
"2910",NA
"2911",1
"2912",0
"2913",NA
"2914",-0.142857142857143
"2915",-0.454545454545455
"2916",NA
"2917",1
"2918",NA
"2919",-1
"2920",NA
"2921",NA
"2922",1
"2923",0.333333333333333
"2924",NA
"2925",NA
"2926",0.384615384615385
"2927",NA
"2928",1
"2929",NA
"2930",NA
"2931",NA
"2932",NA
"2933",1
"2934",NA
"2935",1
"2936",NA
"2937",NA
"2938",NA
"2939",NA
"2940",NA
"2941",0.333333333333333
"2942",0.5
"2943",1
"2944",NA
"2945",NA
"2946",NA
"2947",0.6
"2948",0
"2949",NA
"2950",0.375
"2951",1
"2952",NA
"2953",1
"2954",NA
"2955",NA
"2956",0.333333333333333
"2957",NA
"2958",1
"2959",0
"2960",NA
"2961",NA
"2962",1
"2963",NA
"2964",1
"2965",1
"2966",-0.6
"2967",NA
"2968",NA
"2969",NA
"2970",0.5
"2971",1
"2972",1
"2973",1
"2974",1
"2975",NA
"2976",NA
"2977",NA
"2978",1
"2979",1
"2980",1
"2981",1
"2982",1
"2983",0
"2984",1
"2985",NA
"2986",NA
"2987",NA
"2988",1
"2989",-1
"2990",NA
"2991",1
"2992",-1
"2993",0.333333333333333
"2994",0.666666666666667
"2995",NA
"2996",NA
"2997",NA
"2998",NA
"2999",NA
"3000",1
"3001",0.0769230769230769
"3002",1
"3003",0
"3004",NA
"3005",1
"3006",1
"3007",NA
"3008",0.764705882352941
"3009",1
"3010",0.75
"3011",1
"3012",NA
"3013",1
"3014",0.846153846153846
"3015",1
"3016",NA
"3017",0
"3018",1
"3019",1
"3020",NA
"3021",1
"3022",1
"3023",1
"3024",NA
"3025",NA
"3026",1
"3027",NA
"3028",NA
"3029",1
"3030",NA
"3031",0.666666666666667
"3032",1
"3033",NA
"3034",NA
"3035",NA
"3036",NA
"3037",1
"3038",0.714285714285714
"3039",0.6
"3040",0.6
"3041",NA
"3042",1
"3043",1
"3044",NA
"3045",1
"3046",1
"3047",NA
"3048",NA
"3049",NA
"3050",NA
"3051",NA
"3052",1
"3053",1
"3054",0.333333333333333
"3055",0
"3056",0.5
"3057",NA
"3058",NA
"3059",NA
"3060",NA
"3061",1
"3062",NA
"3063",1
"3064",NA
"3065",0.142857142857143
"3066",NA
"3067",0.6
"3068",NA
"3069",NA
"3070",0.333333333333333
"3071",1
"3072",0
"3073",0.636363636363636
"3074",1
"3075",1
"3076",1
"3077",1
"3078",-0.333333333333333
"3079",1
"3080",NA
"3081",NA
"3082",1
"3083",NA
"3084",1
"3085",1
"3086",NA
"3087",1
"3088",NA
"3089",1
"3090",1
"3091",NA
"3092",NA
"3093",NA
"3094",NA
"3095",0.466666666666667
"3096",NA
"3097",0.75
"3098",0.857142857142857
"3099",NA
"3100",NA
"3101",NA
"3102",0.6
"3103",1
"3104",NA
"3105",NA
"3106",NA
"3107",NA
"3108",NA
"3109",NA
"3110",1
"3111",NA
"3112",0.882352941176471
"3113",-1
"3114",1
"3115",1
"3116",NA
"3117",NA
"3118",1
"3119",0.6
"3120",1
"3121",NA
"3122",NA
"3123",1
"3124",1
"3125",1
"3126",NA
"3127",1
"3128",NA
"3129",1
"3130",1
"3131",NA
"3132",1
"3133",NA
"3134",NA
"3135",1
"3136",1
"3137",NA
"3138",1
"3139",NA
"3140",NA
"3141",NA
"3142",0
"3143",NA
"3144",0.833333333333333
"3145",NA
"3146",NA
"3147",0.777777777777778
"3148",NA
"3149",NA
"3150",1
"3151",1
"3152",NA
"3153",NA
"3154",0.714285714285714
"3155",1
"3156",NA
"3157",1
"3158",NA
"3159",1
"3160",NA
"3161",NA
"3162",1
"3163",NA
"3164",0.777777777777778
"3165",NA
"3166",0
"3167",NA
"3168",1
"3169",NA
"3170",NA
"3171",NA
"3172",NA
"3173",1
"3174",NA
"3175",0.777777777777778
"3176",NA
"3177",NA
"3178",1
"3179",NA
"3180",1
"3181",NA
"3182",NA
"3183",1
"3184",NA
"3185",1
"3186",1
"3187",0.333333333333333
"3188",1
"3189",NA
"3190",NA
"3191",1
"3192",NA
"3193",NA
"3194",NA
"3195",NA
"3196",NA
"3197",NA
"3198",1
"3199",NA
"3200",NA
"3201",NA
"3202",1
"3203",NA
"3204",1
"3205",1
"3206",1
"3207",0.333333333333333
"3208",NA
"3209",0
"3210",1
"3211",NA
"3212",1
"3213",NA
"3214",NA
"3215",NA
"3216",1
"3217",1
"3218",NA
"3219",1
"3220",NA
"3221",-0.2
"3222",1
"3223",0.666666666666667
"3224",0.6
"3225",0.818181818181818
"3226",0
"3227",NA
"3228",NA
"3229",NA
"3230",1
"3231",NA
"3232",NA
"3233",NA
"3234",NA
"3235",NA
"3236",NA
"3237",NA
"3238",NA
"3239",NA
"3240",NA
"3241",NA
"3242",1
"3243",NA
"3244",NA
"3245",NA
"3246",NA
"3247",1
"3248",NA
"3249",NA
"3250",1
"3251",1
"3252",NA
"3253",1
"3254",NA
"3255",0
"3256",NA
"3257",NA
"3258",NA
"3259",1
"3260",NA
"3261",1
"3262",1
"3263",NA
"3264",1
"3265",NA
"3266",0.333333333333333
"3267",0.6
"3268",1
"3269",NA
"3270",1
"3271",NA
"3272",1
"3273",NA
"3274",NA
"3275",NA
"3276",0.333333333333333
"3277",NA
"3278",NA
"3279",0.75
"3280",NA
"3281",1
"3282",1
"3283",-1
"3284",1
"3285",NA
"3286",1
"3287",0
"3288",-1
"3289",0
"3290",0.333333333333333
"3291",NA
"3292",NA
"3293",NA
"3294",0.666666666666667
"3295",0
"3296",NA
"3297",1
"3298",1
"3299",0.142857142857143
"3300",NA
"3301",1
"3302",0
"3303",0
"3304",NA
"3305",1
"3306",NA
"3307",NA
"3308",0.5
"3309",1
"3310",-1
"3311",1
"3312",-0.0909090909090909
"3313",-1
"3314",NA
"3315",NA
"3316",0.75
"3317",0.6
"3318",0.333333333333333
"3319",1
"3320",1
"3321",NA
"3322",0.5
"3323",1
"3324",NA
"3325",NA
"3326",NA
"3327",-1
"3328",1
"3329",NA
"3330",1
"3331",-1
"3332",NA
"3333",NA
"3334",NA
"3335",1
"3336",0
"3337",NA
"3338",1
"3339",1
"3340",1
"3341",NA
"3342",1
"3343",0
"3344",NA
"3345",1
"3346",NA
"3347",-0.333333333333333
"3348",1
"3349",1
"3350",0.333333333333333
"3351",1
"3352",NA
"3353",1
"3354",-1
"3355",-1
"3356",-0.333333333333333
"3357",NA
"3358",1
"3359",NA
"3360",-0.25
"3361",1
"3362",0.5
"3363",NA
"3364",NA
"3365",1
"3366",1
"3367",0
"3368",1
"3369",-1
"3370",1
"3371",1
"3372",1
"3373",1
"3374",1
"3375",NA
"3376",1
"3377",NA
"3378",1
"3379",1
"3380",NA
"3381",NA
"3382",NA
"3383",NA
"3384",-0.333333333333333
"3385",1
"3386",-1
"3387",-0.166666666666667
"3388",NA
"3389",NA
"3390",NA
"3391",1
"3392",1
"3393",1
"3394",1
"3395",NA
"3396",NA
"3397",NA
"3398",NA
"3399",NA
"3400",NA
"3401",NA
"3402",1
"3403",1
"3404",1
"3405",NA
"3406",-1
"3407",NA
"3408",1
"3409",1
"3410",-1
"3411",NA
"3412",1
"3413",1
"3414",-1
"3415",NA
"3416",NA
"3417",NA
"3418",1
"3419",NA
"3420",NA
"3421",1
"3422",1
"3423",1
"3424",0
"3425",NA
"3426",1
"3427",1
"3428",NA
"3429",0
"3430",-1
"3431",-1
"3432",-1
"3433",1
"3434",-0.333333333333333
"3435",0.666666666666667
"3436",1
"3437",1
"3438",-1
"3439",NA
"3440",0
"3441",-1
"3442",-1
"3443",NA
"3444",NA
"3445",NA
"3446",0.5
"3447",-0.2
"3448",NA
"3449",-1
"3450",-0.333333333333333
"3451",NA
"3452",-0.333333333333333
"3453",NA
"3454",NA
"3455",NA
"3456",1
"3457",-0.2
"3458",NA
"3459",NA
"3460",0
"3461",0
"3462",-0.333333333333333
"3463",0.714285714285714
"3464",0
"3465",NA
"3466",0
"3467",NA
"3468",1
"3469",0
"3470",0.5
"3471",NA
"3472",1
"3473",0.333333333333333
"3474",0.6
"3475",-0.2
"3476",NA
"3477",0.428571428571429
"3478",0.6
"3479",0.6
"3480",NA
"3481",NA
"3482",NA
"3483",0
"3484",1
"3485",0.428571428571429
"3486",1
"3487",1
"3488",NA
"3489",1
"3490",1
"3491",-1
"3492",1
"3493",1
"3494",NA
"3495",1
"3496",1
"3497",1
"3498",NA
"3499",1
"3500",1
"3501",NA
"3502",1
"3503",0.714285714285714
"3504",-0.333333333333333
"3505",0.777777777777778
"3506",1
"3507",-1
"3508",1
"3509",1
"3510",1
"3511",NA
"3512",0.5
"3513",0.5
"3514",NA
"3515",NA
"3516",1
"3517",NA
"3518",0.666666666666667
"3519",NA
"3520",NA
"3521",1
"3522",1
"3523",0.2
"3524",1
"3525",1
"3526",NA
"3527",1
"3528",1
"3529",NA
"3530",NA
"3531",NA
"3532",NA
"3533",NA
"3534",NA
"3535",NA
"3536",NA
"3537",NA
"3538",-1
"3539",1
"3540",1
"3541",-1
"3542",NA
"3543",NA
"3544",NA
"3545",NA
"3546",NA
"3547",1
"3548",NA
"3549",0
"3550",NA
"3551",NA
"3552",1
"3553",NA
"3554",NA
"3555",NA
"3556",1
"3557",1
"3558",NA
"3559",NA
"3560",1
"3561",NA
"3562",NA
"3563",1
"3564",NA
"3565",NA
"3566",NA
"3567",NA
"3568",-1
"3569",0
"3570",-0.333333333333333
"3571",-0.333333333333333
"3572",NA
"3573",NA
"3574",-1
"3575",1
"3576",NA
"3577",NA
"3578",NA
"3579",1
"3580",0
"3581",NA
"3582",-1
"3583",-1
"3584",NA
"3585",1
"3586",-1
"3587",1
"3588",NA
"3589",0.333333333333333
"3590",NA
"3591",0.5
"3592",0.5
"3593",NA
"3594",NA
"3595",1
"3596",NA
"3597",NA
"3598",1
"3599",1
"3600",1
"3601",0.333333333333333
"3602",NA
"3603",NA
"3604",-0.6
"3605",-0.666666666666667
"3606",NA
"3607",NA
"3608",0
"3609",-1
"3610",NA
"3611",-1
"3612",-1
"3613",-1
"3614",-1
"3615",1
"3616",1
"3617",-0.5
"3618",-0.5
"3619",1
"3620",0.333333333333333
"3621",-1
"3622",0.333333333333333
"3623",-1
"3624",-0.2
"3625",0
"3626",1
"3627",0.5
"3628",NA
"3629",0.333333333333333
"3630",NA
"3631",NA
"3632",0.666666666666667
"3633",NA
"3634",1
"3635",1
"3636",NA
"3637",-1
"3638",-0.6
"3639",-0.6
"3640",NA
"3641",-1
"3642",-1
"3643",1
"3644",0
"3645",0
"3646",NA
"3647",NA
"3648",NA
"3649",1
"3650",-1
"3651",NA
"3652",-1
"3653",-1
"3654",NA
"3655",0
"3656",1
"3657",1
"3658",-1
"3659",-1
"3660",-1
"3661",-1
"3662",NA
"3663",-1
"3664",-1
"3665",NA
"3666",NA
"3667",NA
"3668",NA
"3669",NA
"3670",NA
"3671",NA
"3672",-1
"3673",1
"3674",1
"3675",NA
"3676",NA
"3677",NA
"3678",NA
"3679",NA
"3680",NA
"3681",NA
"3682",NA
"3683",NA
"3684",1
"3685",1
"3686",NA
"3687",NA
"3688",1
"3689",NA
"3690",NA
"3691",NA
"3692",NA
"3693",NA
"3694",-1
"3695",NA
"3696",NA
"3697",NA
"3698",NA
"3699",NA
"3700",1
"3701",NA
"3702",NA
"3703",NA
"3704",NA
"3705",NA
"3706",1
"3707",NA
"3708",NA
"3709",NA
"3710",-1
"3711",NA
"3712",NA
"3713",NA
"3714",NA
"3715",NA
"3716",NA
"3717",NA
"3718",-1
"3719",NA
"3720",NA
"3721",NA
"3722",NA
"3723",-1
"3724",NA
"3725",-1
"3726",NA
"3727",NA
"3728",NA
"3729",NA
"3730",1
"3731",NA
"3732",-1
"3733",-1
"3734",-1
"3735",-1
"3736",NA
"3737",NA
"3738",NA
"3739",NA
"3740",NA
"3741",-1
"3742",NA
"3743",-1
"3744",-1
"3745",NA
"3746",NA
"3747",NA
"3748",0.333333333333333
"3749",1
"3750",1
"3751",NA
"3752",1
"3753",0
"3754",NA
"3755",-1
"3756",-1
"3757",-1
"3758",-1
"3759",-1
"3760",-1
"3761",-1
"3762",-1
"3763",1
"3764",-1
"3765",NA
"3766",-0.333333333333333
"3767",-1
"3768",-1
"3769",-1
"3770",-1
"3771",0.333333333333333
"3772",-1
"3773",NA
"3774",-1
"3775",NA
"3776",0
"3777",-0.666666666666667
"3778",NA
"3779",1
"3780",1
"3781",1
"3782",0.333333333333333
"3783",-1
"3784",0
"3785",1
"3786",1
"3787",0
"3788",NA
"3789",NA
"3790",0
"3791",-0.6
"3792",NA
"3793",-1
"3794",NA
"3795",-1
"3796",NA
"3797",1
"3798",0.333333333333333
"3799",-1
"3800",-1
"3801",-1
"3802",-1
"3803",0.5
"3804",-1
"3805",-1
"3806",0.2
"3807",1
"3808",1
"3809",NA
"3810",1
"3811",-0.333333333333333
"3812",1
"3813",0
"3814",NA
"3815",0.5
"3816",1
"3817",1
"3818",1
"3819",1
"3820",0.6
"3821",0.333333333333333
"3822",1
"3823",1
"3824",1
"3825",0
"3826",NA
"3827",1
"3828",NA
"3829",-1
"3830",NA
"3831",0.666666666666667
"3832",1
"3833",1
"3834",NA
"3835",0.6
"3836",NA
"3837",1
"3838",NA
"3839",1
"3840",NA
"3841",0
"3842",NA
"3843",1
"3844",1
"3845",0.333333333333333
"3846",1
"3847",-1
"3848",1
"3849",-0.6
"3850",0.333333333333333
"3851",NA
"3852",1
"3853",1
"3854",1
"3855",NA
"3856",NA
"3857",NA
"3858",-1
"3859",NA
"3860",NA
"3861",-1
"3862",NA
"3863",NA
"3864",NA
"3865",1
"3866",NA
"3867",NA
"3868",NA
"3869",1
"3870",0
"3871",1
"3872",1
"3873",1
"3874",1
"3875",0.428571428571429
"3876",-0.2
"3877",1
"3878",1
"3879",0.777777777777778
"3880",0.714285714285714
"3881",1
"3882",1
"3883",1
"3884",NA
"3885",1
"3886",NA
"3887",NA
"3888",NA
"3889",NA
"3890",NA
"3891",1
"3892",NA
"3893",0
"3894",NA
"3895",NA
"3896",NA
"3897",NA
"3898",NA
"3899",NA
"3900",0.333333333333333
"3901",1
"3902",-0.2
"3903",NA
"3904",NA
"3905",1
"3906",-1
"3907",NA
"3908",0.333333333333333
"3909",1
"3910",-0.2
"3911",NA
"3912",1
"3913",1
"3914",1
"3915",NA
"3916",NA
"3917",1
"3918",NA
"3919",NA
"3920",NA
"3921",NA
"3922",NA
"3923",-1
"3924",NA
"3925",NA
"3926",NA
"3927",1
"3928",NA
"3929",1
"3930",-0.333333333333333
"3931",0
"3932",NA
"3933",1
"3934",NA
"3935",1
"3936",NA
"3937",1
"3938",-1
"3939",NA
"3940",-1
"3941",1
"3942",NA
"3943",1
"3944",1
"3945",1
"3946",0.142857142857143
"3947",NA
"3948",0.833333333333333
"3949",1
"3950",NA
"3951",1
"3952",NA
"3953",-1
"3954",NA
"3955",-1
"3956",NA
"3957",NA
"3958",NA
"3959",0.333333333333333
"3960",NA
"3961",0
"3962",NA
"3963",0
"3964",NA
"3965",1
"3966",NA
"3967",0.333333333333333
"3968",NA
"3969",NA
"3970",0.333333333333333
"3971",NA
"3972",1
"3973",-0.2
"3974",0.4
"3975",1
"3976",NA
"3977",1
"3978",NA
"3979",0
"3980",NA
"3981",NA
"3982",NA
"3983",NA
"3984",NA
"3985",-0.2
"3986",NA
"3987",1
"3988",NA
"3989",1
"3990",1
"3991",-1
"3992",NA
"3993",0
"3994",NA
"3995",NA
"3996",NA
"3997",1
"3998",0.846153846153846
"3999",NA
"4000",NA
"4001",1
"4002",NA
"4003",NA
"4004",1
"4005",NA
"4006",1
"4007",NA
"4008",1
"4009",0
"4010",1
"4011",1
"4012",0
"4013",-0.272727272727273
"4014",NA
"4015",1
"4016",NA
"4017",NA
"4018",NA
"4019",1
"4020",0
"4021",NA
"4022",1
"4023",1
"4024",NA
"4025",NA
"4026",1
"4027",1
"4028",1
"4029",NA
"4030",0.714285714285714
"4031",NA
"4032",1
"4033",0.111111111111111
"4034",0.333333333333333
"4035",NA
"4036",NA
"4037",-0.333333333333333
"4038",NA
"4039",NA
"4040",1
"4041",1
"4042",NA
"4043",NA
"4044",1
"4045",NA
"4046",1
"4047",1
"4048",NA
"4049",1
"4050",1
"4051",0
"4052",1
"4053",0.333333333333333
"4054",NA
"4055",NA
"4056",1
"4057",1
"4058",1
"4059",0.6
"4060",NA
"4061",NA
"4062",NA
"4063",NA
"4064",NA
"4065",NA
"4066",NA
"4067",NA
"4068",NA
"4069",NA
"4070",NA
"4071",NA
"4072",NA
"4073",NA
"4074",NA
"4075",NA
"4076",NA
"4077",NA
"4078",NA
"4079",NA
"4080",NA
"4081",NA
"4082",NA
"4083",NA
"4084",NA
"4085",NA
"4086",1
"4087",NA
"4088",NA
"4089",NA
"4090",1
"4091",NA
"4092",-1
"4093",NA
"4094",NA
"4095",1
"4096",NA
"4097",NA
"4098",NA
"4099",1
"4100",NA
"4101",NA
"4102",NA
"4103",NA
"4104",NA
"4105",NA
"4106",NA
"4107",NA
"4108",NA
"4109",NA
"4110",NA
"4111",NA
"4112",NA
"4113",NA
"4114",NA
"4115",NA
"4116",NA
"4117",NA
"4118",NA
"4119",NA
"4120",NA
"4121",NA
"4122",1
"4123",NA
"4124",NA
"4125",NA
"4126",NA
"4127",NA
"4128",1
"4129",NA
"4130",NA
"4131",1
"4132",NA
"4133",NA
"4134",NA
"4135",NA
"4136",NA
"4137",NA
"4138",NA
"4139",1
"4140",NA
"4141",NA
"4142",NA
"4143",NA
"4144",NA
"4145",NA
"4146",-1
"4147",NA
"4148",NA
"4149",NA
"4150",NA
"4151",NA
"4152",NA
"4153",NA
"4154",NA
"4155",NA
"4156",NA
"4157",NA
"4158",-1
"4159",NA
"4160",NA
"4161",1
"4162",NA
"4163",-0.428571428571429
"4164",-1
"4165",NA
"4166",NA
"4167",NA
"4168",NA
"4169",-1
"4170",NA
"4171",NA
"4172",1
"4173",NA
"4174",NA
"4175",NA
"4176",1
"4177",1
"4178",1
"4179",1
"4180",1
"4181",1
"4182",0.5
"4183",NA
"4184",1
"4185",1
"4186",0.555555555555556
"4187",1
"4188",1
"4189",NA
"4190",NA
"4191",0
"4192",NA
"4193",NA
"4194",1
"4195",NA
"4196",NA
"4197",1
"4198",NA
"4199",NA
"4200",NA
"4201",NA
"4202",NA
"4203",0
"4204",-1
"4205",0.5
"4206",-1
"4207",1
"4208",1
"4209",1
"4210",-1
"4211",NA
"4212",0
"4213",1
"4214",NA
"4215",NA
"4216",NA
"4217",NA
"4218",0.333333333333333
"4219",0.333333333333333
"4220",0
"4221",0
"4222",1
"4223",0.333333333333333
"4224",1
"4225",0.333333333333333
"4226",0.6
"4227",1
"4228",NA
"4229",NA
"4230",1
"4231",1
"4232",0.333333333333333
"4233",0.333333333333333
"4234",0.333333333333333
"4235",-1
"4236",NA
"4237",1
"4238",NA
"4239",1
"4240",-1
"4241",1
"4242",NA
"4243",1
"4244",0.333333333333333
"4245",1
"4246",NA
"4247",0.333333333333333
"4248",NA
"4249",0.333333333333333
"4250",NA
"4251",NA
"4252",NA
"4253",-1
"4254",1
"4255",NA
"4256",1
"4257",NA
"4258",NA
"4259",NA
"4260",0.428571428571429
"4261",NA
"4262",0
"4263",NA
"4264",NA
"4265",NA
"4266",1
"4267",1
"4268",1
"4269",1
"4270",1
"4271",1
"4272",1
"4273",1
"4274",1
"4275",-1
"4276",NA
"4277",NA
"4278",1
"4279",0.428571428571429
"4280",NA
"4281",1
"4282",0.333333333333333
"4283",NA
"4284",NA
"4285",NA
"4286",NA
"4287",-0.384615384615385
"4288",NA
"4289",NA
"4290",1
"4291",-1
"4292",-1
"4293",0
"4294",NA
"4295",NA
"4296",NA
"4297",1
"4298",NA
"4299",1
"4300",1
"4301",1
"4302",NA
"4303",NA
"4304",NA
"4305",NA
"4306",0.333333333333333
"4307",1
"4308",NA
"4309",NA
"4310",-1
"4311",-1
"4312",1
"4313",-1
"4314",NA
"4315",NA
"4316",1
"4317",1
"4318",0.6
"4319",NA
"4320",1
"4321",1
"4322",NA
"4323",NA
"4324",0.333333333333333
"4325",NA
"4326",NA
"4327",1
"4328",1
"4329",NA
"4330",NA
"4331",NA
"4332",1
"4333",NA
"4334",NA
"4335",NA
"4336",1
"4337",-1
"4338",NA
"4339",0.428571428571429
"4340",NA
"4341",NA
"4342",0
"4343",0.333333333333333
"4344",NA
"4345",NA
"4346",NA
"4347",NA
"4348",1
"4349",NA
"4350",1
"4351",0.5
"4352",-1
"4353",0
"4354",1
"4355",1
"4356",-0.333333333333333
"4357",NA
"4358",NA
"4359",-1
"4360",-0.333333333333333
"4361",-0.2
"4362",-1
"4363",NA
"4364",1
"4365",NA
"4366",1
"4367",NA
"4368",NA
"4369",NA
"4370",-1
"4371",NA
"4372",NA
"4373",0
"4374",NA
"4375",0
"4376",NA
"4377",1
"4378",NA
"4379",NA
"4380",-1
"4381",NA
"4382",-0.333333333333333
"4383",-0.6
"4384",0
"4385",0.666666666666667
"4386",NA
"4387",-1
"4388",0.333333333333333
"4389",1
"4390",0
"4391",0.5
"4392",0
"4393",0.2
"4394",0.2
"4395",NA
"4396",0.428571428571429
"4397",0.666666666666667
"4398",0.5
"4399",0
"4400",1
"4401",-1
"4402",-1
"4403",0
"4404",0
"4405",-1
"4406",-1
"4407",1
"4408",0.333333333333333
"4409",-0.333333333333333
"4410",-1
"4411",-1
"4412",-1
"4413",-1
"4414",NA
"4415",NA
"4416",-1
"4417",-1
"4418",-1
"4419",-1
"4420",-1
"4421",-1
"4422",-0.6
"4423",-1
"4424",-0.333333333333333
"4425",-1
"4426",NA
"4427",-1
"4428",NA
"4429",-1
"4430",NA
"4431",NA
"4432",-1
"4433",1
"4434",NA
"4435",NA
"4436",NA
"4437",0
"4438",-1
"4439",NA
"4440",1
"4441",NA
"4442",1
"4443",NA
"4444",0.5
"4445",0.5
"4446",NA
"4447",-1
"4448",NA
"4449",1
"4450",NA
"4451",-0.333333333333333
"4452",NA
"4453",NA
"4454",NA
"4455",NA
"4456",NA
"4457",NA
"4458",NA
"4459",NA
"4460",-1
"4461",NA
"4462",NA
"4463",-1
"4464",NA
"4465",NA
"4466",-1
"4467",-1
"4468",-1
"4469",NA
"4470",1
"4471",-1
"4472",NA
"4473",NA
"4474",NA
"4475",NA
"4476",NA
"4477",1
"4478",1
"4479",NA
"4480",NA
"4481",NA
"4482",-0.333333333333333
"4483",NA
"4484",NA
"4485",NA
"4486",1
"4487",-1
"4488",1
"4489",NA
"4490",-1
"4491",1
"4492",NA
"4493",NA
"4494",-0.333333333333333
"4495",NA
"4496",-1
"4497",NA
"4498",1
"4499",NA
"4500",0.333333333333333
"4501",NA
"4502",NA
"4503",1
"4504",0.666666666666667
"4505",0.333333333333333
"4506",1
"4507",1
"4508",NA
"4509",1
"4510",0
"4511",0
"4512",1
"4513",0
"4514",0.333333333333333
"4515",1
"4516",NA
"4517",1
"4518",1
"4519",NA
"4520",0.75
"4521",1
"4522",NA
"4523",1
"4524",1
"4525",1
"4526",1
"4527",1
"4528",1
"4529",NA
"4530",1
"4531",1
"4532",-1
"4533",1
"4534",-1
"4535",1
"4536",0
"4537",1
"4538",-1
"4539",1
"4540",NA
"4541",0.333333333333333
"4542",NA
"4543",0.6
"4544",0.636363636363636
"4545",1
"4546",1
"4547",NA
"4548",-0.333333333333333
"4549",NA
"4550",NA
"4551",NA
"4552",-1
"4553",NA
"4554",NA
"4555",NA
"4556",NA
"4557",NA
"4558",-1
"4559",0.6
"4560",NA
"4561",NA
"4562",1
"4563",NA
"4564",0.333333333333333
"4565",1
"4566",1
"4567",1
"4568",1
"4569",NA
"4570",NA
"4571",NA
"4572",1
"4573",1
"4574",1
"4575",NA
"4576",1
"4577",NA
"4578",NA
"4579",NA
"4580",NA
"4581",-1
"4582",1
"4583",NA
"4584",NA
"4585",NA
"4586",1
"4587",NA
"4588",1
"4589",1
"4590",NA
"4591",NA
"4592",1
"4593",NA
"4594",NA
"4595",0.777777777777778
"4596",NA
"4597",NA
"4598",0.636363636363636
"4599",NA
"4600",1
"4601",1
"4602",NA
"4603",1
"4604",1
"4605",1
"4606",1
"4607",NA
"4608",1
"4609",1
"4610",NA
"4611",NA
"4612",NA
"4613",NA
"4614",NA
"4615",1
"4616",1
"4617",NA
"4618",NA
"4619",NA
"4620",1
"4621",NA
"4622",NA
"4623",NA
"4624",1
"4625",NA
"4626",-1
"4627",1
"4628",1
"4629",1
"4630",1
"4631",NA
"4632",NA
"4633",NA
"4634",NA
"4635",0.5
"4636",1
"4637",NA
"4638",1
"4639",1
"4640",1
"4641",1
"4642",1
"4643",NA
"4644",NA
"4645",1
"4646",-0.333333333333333
"4647",1
"4648",NA
"4649",NA
"4650",NA
"4651",NA
"4652",NA
"4653",1
"4654",NA
"4655",0
"4656",NA
"4657",NA
"4658",-1
"4659",-1
"4660",NA
"4661",0
"4662",1
"4663",1
"4664",NA
"4665",NA
"4666",NA
"4667",NA
"4668",NA
"4669",NA
"4670",1
"4671",1
"4672",-1
"4673",1
"4674",1
"4675",0
"4676",1
"4677",NA
"4678",0
"4679",0
"4680",0.2
"4681",NA
"4682",1
"4683",1
"4684",NA
"4685",-1
"4686",1
"4687",NA
"4688",NA
"4689",-0.6
"4690",0
"4691",0.333333333333333
"4692",NA
"4693",-1
"4694",-1
"4695",0
"4696",0
"4697",0.666666666666667
"4698",0.333333333333333
"4699",0
"4700",NA
"4701",0
"4702",NA
"4703",-1
"4704",NA
"4705",NA
"4706",NA
"4707",0
"4708",0
"4709",-1
"4710",NA
"4711",-0.428571428571429
"4712",1
"4713",NA
"4714",0.333333333333333
"4715",1
"4716",-0.666666666666667
"4717",1
"4718",NA
"4719",NA
"4720",1
"4721",0.555555555555556
"4722",1
"4723",0.428571428571429
"4724",NA
"4725",NA
"4726",NA
"4727",1
"4728",NA
"4729",0
"4730",0
"4731",0.6
"4732",NA
"4733",1
"4734",NA
"4735",NA
"4736",1
"4737",1
"4738",NA
"4739",1
"4740",NA
"4741",0.5
"4742",-0.5
"4743",1
"4744",NA
"4745",0.142857142857143
"4746",0.333333333333333
"4747",0.333333333333333
"4748",0.5
"4749",0.428571428571429
"4750",0.75
"4751",1
"4752",0.636363636363636
"4753",NA
"4754",0.5
"4755",0.6
"4756",0.714285714285714
"4757",0.714285714285714
"4758",0.666666666666667
"4759",NA
"4760",NA
"4761",NA
"4762",NA
"4763",NA
"4764",0.6
"4765",1
"4766",1
"4767",NA
"4768",0
"4769",NA
"4770",NA
"4771",1
"4772",NA
"4773",NA
"4774",1
"4775",NA
"4776",NA
"4777",NA
"4778",NA
"4779",NA
"4780",NA
"4781",NA
"4782",1
"4783",NA
"4784",NA
"4785",NA
"4786",NA
"4787",NA
"4788",NA
"4789",1
"4790",1
"4791",NA
"4792",NA
"4793",NA
"4794",NA
"4795",NA
"4796",1
"4797",NA
"4798",1
"4799",1
"4800",NA
"4801",1
"4802",NA
"4803",1
"4804",NA
"4805",NA
"4806",NA
"4807",NA
"4808",NA
"4809",NA
"4810",NA
"4811",NA
"4812",NA
"4813",NA
"4814",NA
"4815",NA
"4816",1
"4817",NA
"4818",1
"4819",NA
"4820",NA
"4821",NA
"4822",NA
"4823",NA
"4824",NA
"4825",NA
"4826",NA
"4827",NA
"4828",NA
"4829",NA
"4830",NA
"4831",NA
"4832",NA
"4833",NA
"4834",1
"4835",NA
"4836",NA
"4837",NA
"4838",NA
"4839",0.333333333333333
"4840",NA
"4841",NA
"4842",1
"4843",1
"4844",NA
"4845",NA
"4846",1
"4847",NA
"4848",NA
"4849",NA
"4850",NA
"4851",NA
"4852",NA
"4853",NA
"4854",NA
"4855",NA
"4856",NA
"4857",NA
"4858",NA
"4859",NA
"4860",NA
"4861",NA
"4862",1
"4863",-1
"4864",NA
"4865",-1
"4866",-1
"4867",NA
"4868",NA
"4869",NA
"4870",NA
"4871",NA
"4872",1
"4873",1
"4874",NA
"4875",NA
"4876",NA
"4877",NA
"4878",NA
"4879",NA
"4880",NA
"4881",NA
"4882",NA
"4883",NA
"4884",-1
"4885",-0.333333333333333
"4886",-1
"4887",NA
"4888",1
"4889",-1
"4890",NA
"4891",NA
"4892",NA
"4893",NA
"4894",NA
"4895",NA
"4896",-1
"4897",NA
"4898",NA
"4899",NA
"4900",-1
"4901",NA
"4902",-1
"4903",-1
"4904",-1
"4905",NA
"4906",NA
"4907",0.5
"4908",NA
"4909",NA
"4910",NA
"4911",NA
"4912",NA
"4913",1
"4914",NA
"4915",NA
"4916",-1
"4917",NA
"4918",1
"4919",NA
"4920",NA
"4921",NA
"4922",NA
"4923",-1
"4924",NA
"4925",NA
"4926",NA
"4927",NA
"4928",NA
"4929",NA
"4930",NA
"4931",NA
"4932",NA
"4933",1
"4934",NA
"4935",NA
"4936",0
"4937",NA
"4938",NA
"4939",NA
"4940",NA
"4941",1
"4942",NA
"4943",NA
"4944",1
"4945",0
"4946",NA
"4947",NA
"4948",NA
"4949",NA
"4950",NA
"4951",NA
"4952",NA
"4953",NA
"4954",NA
"4955",NA
"4956",-0.333333333333333
"4957",1
"4958",NA
"4959",NA
"4960",-0.333333333333333
"4961",1
"4962",NA
"4963",1
"4964",1
"4965",NA
"4966",1
"4967",NA
"4968",0.333333333333333
"4969",NA
"4970",0.333333333333333
"4971",NA
"4972",1
"4973",0.333333333333333
"4974",1
"4975",NA
"4976",0.333333333333333
"4977",NA
"4978",0.333333333333333
"4979",1
"4980",NA
"4981",NA
"4982",NA
"4983",1
"4984",1
"4985",1
"4986",NA
"4987",NA
"4988",-1
"4989",NA
"4990",1
"4991",0.333333333333333
"4992",NA
"4993",NA
"4994",1
"4995",NA
"4996",NA
"4997",NA
"4998",1
"4999",1
"5000",NA
"5001",NA
"5002",1
"5003",NA
"5004",NA
"5005",1
"5006",0
"5007",NA
"5008",NA
"5009",1
"5010",NA
"5011",NA
"5012",NA
"5013",1
"5014",NA
"5015",NA
"5016",0
"5017",NA
"5018",NA
"5019",1
"5020",NA
"5021",-1
"5022",NA
"5023",NA
"5024",NA
"5025",NA
"5026",NA
"5027",0.714285714285714
"5028",NA
"5029",NA
"5030",NA
"5031",NA
"5032",NA
"5033",NA
"5034",NA
"5035",NA
"5036",NA
"5037",NA
"5038",1
"5039",1
"5040",0.5
"5041",1
"5042",NA
"5043",NA
"5044",NA
"5045",NA
"5046",NA
"5047",NA
"5048",1
"5049",1
"5050",1
"5051",-1
"5052",0.333333333333333
"5053",0.6
"5054",0
"5055",NA
"5056",1
"5057",0.75
"5058",1
"5059",NA
"5060",0.714285714285714
"5061",0.666666666666667
"5062",NA
"5063",1
"5064",1
"5065",1
"5066",0.2
"5067",0
"5068",1
"5069",1
"5070",NA
"5071",0.333333333333333
"5072",NA
"5073",NA
"5074",NA
"5075",1
"5076",0
"5077",0
"5078",NA
"5079",0.2
"5080",1
"5081",-1
"5082",NA
"5083",0
"5084",1
"5085",NA
"5086",NA
"5087",NA
"5088",0.5
"5089",0.2
"5090",-0.6
"5091",-0.714285714285714
"5092",0.333333333333333
"5093",1
"5094",1
"5095",NA
"5096",0
"5097",NA
"5098",NA
"5099",NA
"5100",NA
"5101",NA
"5102",-0.2
"5103",1
"5104",NA
"5105",0.5
"5106",0.2
"5107",1
"5108",1
"5109",0.818181818181818
"5110",NA
"5111",-0.333333333333333
"5112",1
"5113",0.2
"5114",1
"5115",0.5
"5116",NA
"5117",NA
"5118",0.333333333333333
"5119",0.333333333333333
"5120",0.333333333333333
"5121",NA
"5122",NA
"5123",NA
"5124",-1
"5125",NA
"5126",NA
"5127",1
"5128",0.2
"5129",1
"5130",0.142857142857143
"5131",0.2
"5132",0
"5133",0.2
"5134",0.2
"5135",NA
"5136",1
"5137",-0.333333333333333
"5138",NA
"5139",NA
"5140",0
"5141",NA
"5142",NA
"5143",NA
"5144",1
"5145",1
"5146",NA
"5147",1
"5148",0.5
"5149",1
"5150",0.333333333333333
"5151",NA
"5152",1
"5153",1
"5154",NA
"5155",1
"5156",0.333333333333333
"5157",NA
"5158",1
"5159",NA
"5160",NA
"5161",1
"5162",NA
"5163",0.333333333333333
"5164",1
"5165",0.5
"5166",1
"5167",1
"5168",1
"5169",NA
"5170",1
"5171",-1
"5172",1
"5173",1
"5174",1
"5175",1
"5176",1
"5177",NA
"5178",1
"5179",NA
"5180",NA
"5181",1
"5182",0.333333333333333
"5183",NA
"5184",0
"5185",0.333333333333333
"5186",0.333333333333333
"5187",0.333333333333333
"5188",0.333333333333333
"5189",0
"5190",0
"5191",0
"5192",0.333333333333333
"5193",NA
"5194",NA
"5195",1
"5196",NA
"5197",NA
"5198",NA
"5199",0.5
"5200",1
"5201",1
"5202",1
"5203",1
"5204",NA
"5205",1
"5206",NA
"5207",1
"5208",1
"5209",-0.333333333333333
"5210",0
"5211",NA
"5212",1
"5213",1
"5214",1
"5215",1
"5216",1
"5217",-1
"5218",NA
"5219",-1
"5220",NA
"5221",NA
"5222",1
"5223",1
"5224",1
"5225",1
"5226",NA
"5227",1
"5228",-1
"5229",0.333333333333333
"5230",NA
"5231",NA
"5232",-1
"5233",NA
"5234",1
"5235",1
"5236",-0.333333333333333
"5237",0
"5238",0
"5239",0
"5240",-1
"5241",1
"5242",NA
"5243",0
"5244",0
"5245",NA
"5246",0
"5247",NA
"5248",0
"5249",-0.333333333333333
"5250",NA
"5251",NA
"5252",-0.333333333333333
"5253",-0.333333333333333
"5254",-1
"5255",NA
"5256",NA
"5257",-0.5
"5258",NA
"5259",NA
"5260",0.5
"5261",0
"5262",0
"5263",1
"5264",0.333333333333333
"5265",NA
"5266",-1
"5267",NA
"5268",1
"5269",NA
"5270",1
"5271",NA
"5272",1
"5273",1
"5274",1
"5275",NA
"5276",NA
"5277",NA
"5278",NA
"5279",NA
"5280",1
"5281",NA
"5282",0.333333333333333
"5283",0.333333333333333
"5284",NA
"5285",NA
"5286",0.333333333333333
"5287",0.333333333333333
"5288",NA
"5289",NA
"5290",0.6
"5291",NA
"5292",1
"5293",1
"5294",NA
"5295",NA
"5296",-1
"5297",-1
"5298",-1
"5299",-1
"5300",NA
"5301",NA
"5302",-1
"5303",NA
"5304",1
"5305",-0.2
"5306",NA
"5307",NA
"5308",1
"5309",1
"5310",1
"5311",1
"5312",NA
"5313",NA
"5314",1
"5315",NA
"5316",NA
"5317",NA
"5318",NA
"5319",1
"5320",1
"5321",NA
"5322",1
"5323",1
"5324",NA
"5325",NA
"5326",0
"5327",0
"5328",NA
"5329",1
"5330",1
"5331",0
"5332",NA
"5333",1
"5334",1
"5335",1
"5336",NA
"5337",NA
"5338",NA
"5339",NA
"5340",1
"5341",NA
"5342",-1
"5343",NA
"5344",0
"5345",NA
"5346",NA
"5347",1
"5348",1
"5349",NA
"5350",1
"5351",NA
"5352",NA
"5353",NA
"5354",NA
"5355",1
"5356",1
"5357",-0.5
"5358",0.2
"5359",0.6
"5360",0.2
"5361",0.2
"5362",0.2
"5363",NA
"5364",NA
"5365",1
"5366",0.2
"5367",1
"5368",0.5
"5369",NA
"5370",1
"5371",1
"5372",NA
"5373",0.333333333333333
"5374",0.333333333333333
"5375",0.333333333333333
"5376",0.333333333333333
"5377",NA
"5378",0.333333333333333
"5379",0
"5380",0
"5381",0
"5382",NA
"5383",0
"5384",NA
"5385",1
"5386",1
"5387",1
"5388",1
"5389",NA
"5390",1
"5391",0.6
"5392",NA
"5393",0.5
"5394",0.5
"5395",0.333333333333333
"5396",0.333333333333333
"5397",NA
"5398",0.5
"5399",0.333333333333333
"5400",0.5
"5401",NA
"5402",NA
"5403",1
"5404",0.5
"5405",NA
"5406",NA
"5407",0.2
"5408",0.5
"5409",NA
"5410",NA
"5411",-1
"5412",NA
"5413",NA
"5414",NA
"5415",1
"5416",1
"5417",-1
"5418",1
"5419",-1
"5420",NA
"5421",NA
"5422",NA
"5423",1
"5424",NA
"5425",1
"5426",1
"5427",1
"5428",1
"5429",1
"5430",1
"5431",NA
"5432",-1
"5433",NA
"5434",NA
"5435",1
"5436",NA
"5437",NA
"5438",1
"5439",-1
"5440",NA
"5441",1
"5442",-0.2
"5443",NA
"5444",NA
"5445",NA
"5446",NA
"5447",NA
"5448",NA
"5449",NA
"5450",0
"5451",NA
"5452",NA
"5453",NA
"5454",0.2
"5455",NA
"5456",-1
"5457",NA
"5458",NA
"5459",1
"5460",-1
"5461",NA
"5462",1
"5463",NA
"5464",1
"5465",0.333333333333333
"5466",NA
"5467",NA
"5468",NA
"5469",0
"5470",-1
"5471",0
"5472",NA
"5473",NA
"5474",NA
"5475",NA
"5476",NA
"5477",NA
"5478",NA
"5479",NA
"5480",NA
"5481",NA
"5482",NA
"5483",-1
"5484",NA
"5485",1
"5486",NA
"5487",NA
"5488",NA
"5489",1
"5490",-1
"5491",-0.333333333333333
"5492",-0.2
"5493",NA
"5494",0
"5495",-0.5
"5496",1
"5497",-1
"5498",-0.333333333333333
"5499",-0.6
"5500",0.25
"5501",-0.5
"5502",NA
"5503",-1
"5504",-1
"5505",1
"5506",1
"5507",0.5
"5508",1
"5509",1
"5510",1
"5511",-1
"5512",NA
"5513",0.2
"5514",1
"5515",1
"5516",NA
"5517",NA
"5518",0.333333333333333
"5519",NA
"5520",NA
"5521",NA
"5522",1
"5523",0.333333333333333
"5524",1
"5525",0.666666666666667
"5526",NA
"5527",1
"5528",NA
"5529",1
"5530",NA
"5531",NA
"5532",1
"5533",NA
"5534",NA
"5535",-1
"5536",1
"5537",1
"5538",NA
"5539",1
"5540",NA
"5541",0
"5542",NA
"5543",NA
"5544",NA
"5545",NA
"5546",NA
"5547",1
"5548",NA
"5549",NA
"5550",NA
"5551",NA
"5552",NA
"5553",NA
"5554",NA
"5555",NA
"5556",-1
"5557",-1
"5558",NA
"5559",1
"5560",NA
"5561",1
"5562",NA
"5563",NA
"5564",NA
"5565",1
"5566",NA
"5567",NA
"5568",1
"5569",NA
"5570",NA
"5571",NA
"5572",NA
"5573",NA
"5574",NA
"5575",NA
"5576",NA
"5577",NA
"5578",NA
"5579",NA
"5580",NA
"5581",NA
"5582",NA
"5583",-1
"5584",-1
"5585",NA
"5586",NA
"5587",NA
"5588",-1
"5589",NA
"5590",NA
"5591",1
"5592",NA
"5593",1
"5594",NA
"5595",1
"5596",0.5
"5597",1
"5598",NA
"5599",NA
"5600",NA
"5601",NA
"5602",-1
"5603",-1
"5604",NA
"5605",-0.333333333333333
"5606",-1
"5607",-1
"5608",-1
"5609",-1
"5610",-1
"5611",NA
"5612",1
"5613",1
"5614",NA
"5615",0
"5616",1
"5617",NA
"5618",NA
"5619",-0.2
"5620",NA
"5621",-1
"5622",NA
"5623",-1
"5624",0
"5625",1
"5626",0
"5627",NA
"5628",-0.5
"5629",-1
"5630",1
"5631",1
"5632",NA
"5633",NA
"5634",1
"5635",NA
"5636",NA
"5637",NA
"5638",-1
"5639",NA
"5640",NA
"5641",1
"5642",NA
"5643",NA
"5644",NA
"5645",-1
"5646",NA
"5647",NA
"5648",NA
"5649",NA
"5650",NA
"5651",NA
"5652",NA
"5653",-1
"5654",NA
"5655",NA
"5656",NA
"5657",0.333333333333333
"5658",NA
"5659",NA
"5660",NA
"5661",NA
"5662",NA
"5663",1
"5664",NA
"5665",1
"5666",NA
"5667",NA
"5668",NA
"5669",1
"5670",1
"5671",NA
"5672",-1
"5673",NA
"5674",NA
"5675",NA
"5676",NA
"5677",NA
"5678",1
"5679",1
"5680",1
"5681",0.333333333333333
"5682",0.8
"5683",0.666666666666667
"5684",-1
"5685",NA
"5686",1
"5687",1
"5688",1
"5689",0.333333333333333
"5690",NA
"5691",1
"5692",1
"5693",1
"5694",1
"5695",1
"5696",NA
"5697",1
"5698",0
"5699",NA
"5700",NA
"5701",0.333333333333333
"5702",NA
"5703",1
"5704",0.333333333333333
"5705",1
"5706",1
"5707",1
"5708",NA
"5709",1
"5710",NA
"5711",1
"5712",1
"5713",NA
"5714",0
"5715",NA
"5716",NA
"5717",1
"5718",0.333333333333333
"5719",NA
"5720",NA
"5721",0.333333333333333
"5722",0.333333333333333
"5723",-1
"5724",1
"5725",NA
"5726",-1
"5727",NA
"5728",-1
"5729",NA
"5730",-1
"5731",0.333333333333333
"5732",NA
"5733",NA
"5734",NA
"5735",NA
"5736",NA
"5737",NA
"5738",NA
"5739",NA
"5740",0.6
"5741",0.6
"5742",0.333333333333333
"5743",1
"5744",0.333333333333333
"5745",1
"5746",0.5
"5747",1
"5748",NA
"5749",NA
"5750",1
"5751",1
"5752",-1
"5753",1
"5754",1
"5755",1
"5756",0.666666666666667
"5757",1
"5758",1
"5759",0.428571428571429
"5760",NA
"5761",NA
"5762",1
"5763",-1
"5764",NA
"5765",NA
"5766",NA
"5767",NA
"5768",NA
"5769",NA
"5770",-1
"5771",NA
"5772",NA
"5773",NA
"5774",NA
"5775",0
"5776",NA
"5777",NA
"5778",NA
"5779",1
"5780",1
"5781",1
"5782",NA
"5783",NA
"5784",NA
"5785",0.428571428571429
"5786",1
"5787",1
"5788",NA
"5789",NA
"5790",1
"5791",-1
"5792",1
"5793",0.333333333333333
"5794",NA
"5795",NA
"5796",NA
"5797",NA
"5798",NA
"5799",NA
"5800",1
"5801",NA
"5802",1
"5803",NA
"5804",1
"5805",1
"5806",NA
"5807",NA
"5808",1
"5809",NA
"5810",1
"5811",1
"5812",NA
"5813",NA
"5814",NA
"5815",NA
"5816",NA
"5817",NA
"5818",NA
"5819",0.714285714285714
"5820",0.714285714285714
"5821",1
"5822",NA
"5823",1
"5824",1
"5825",1
"5826",NA
"5827",NA
"5828",NA
"5829",NA
"5830",NA
"5831",NA
"5832",NA
"5833",NA
"5834",NA
"5835",NA
"5836",NA
"5837",NA
"5838",NA
"5839",NA
"5840",NA
"5841",NA
"5842",NA
"5843",NA
"5844",NA
"5845",NA
"5846",NA
"5847",NA
"5848",-0.333333333333333
"5849",1
"5850",-0.75
"5851",1
"5852",NA
"5853",-1
"5854",-1
"5855",1
"5856",NA
"5857",1
"5858",NA
"5859",-0.333333333333333
"5860",NA
"5861",NA
"5862",1
"5863",NA
"5864",NA
"5865",0.333333333333333
"5866",NA
"5867",-0.333333333333333
"5868",1
"5869",1
"5870",1
"5871",1
"5872",1
"5873",NA
"5874",NA
"5875",NA
"5876",NA
"5877",NA
"5878",NA
"5879",1
"5880",NA
"5881",NA
"5882",1
"5883",NA
"5884",NA
"5885",NA
"5886",NA
"5887",NA
"5888",NA
"5889",NA
"5890",NA
"5891",NA
"5892",NA
"5893",NA
"5894",NA
"5895",NA
"5896",NA
"5897",1
"5898",NA
"5899",1
"5900",NA
"5901",NA
"5902",NA
"5903",-1
"5904",NA
"5905",NA
"5906",NA
"5907",NA
"5908",1
"5909",NA
"5910",NA
"5911",1
"5912",NA
"5913",1
"5914",1
"5915",NA
"5916",NA
"5917",NA
"5918",NA
"5919",NA
"5920",NA
"5921",1
"5922",NA
"5923",NA
"5924",1
"5925",NA
"5926",NA
"5927",NA
"5928",0.714285714285714
"5929",0.714285714285714
"5930",1
"5931",1
"5932",1
"5933",NA
"5934",NA
"5935",NA
"5936",NA
"5937",NA
"5938",NA
"5939",NA
"5940",NA
"5941",NA
"5942",NA
"5943",NA
"5944",1
"5945",1
"5946",-1
"5947",1
"5948",1
"5949",NA
"5950",-0.333333333333333
"5951",NA
"5952",NA
"5953",0.333333333333333
"5954",-0.333333333333333
"5955",1
"5956",1
"5957",NA
"5958",NA
"5959",NA
"5960",NA
"5961",1
"5962",NA
"5963",NA
"5964",NA
"5965",NA
"5966",NA
"5967",NA
"5968",NA
"5969",NA
"5970",1
"5971",0
"5972",0.333333333333333
"5973",0.6
"5974",0.6
"5975",0.6
"5976",NA
"5977",0.4
"5978",0.4
"5979",0.272727272727273
"5980",0.4
"5981",NA
"5982",0.4
"5983",NA
"5984",-1
"5985",0.571428571428571
"5986",NA
"5987",NA
"5988",0.6
"5989",0.75
"5990",0.777777777777778
"5991",1
"5992",NA
"5993",1
"5994",NA
"5995",0.647058823529412
"5996",1
"5997",1
"5998",1
"5999",NA
"6000",0.2
"6001",NA
"6002",NA
"6003",0.75
"6004",0.75
"6005",0.6
"6006",NA
"6007",0
"6008",1
"6009",1
"6010",1
"6011",1
"6012",0.636363636363636
"6013",0.636363636363636
"6014",NA
"6015",0.6
"6016",NA
"6017",NA
"6018",1
"6019",0.5
"6020",0.2
"6021",NA
"6022",NA
"6023",1
"6024",NA
"6025",0.333333333333333
"6026",0.333333333333333
"6027",0.5
"6028",0.75
"6029",0.75
"6030",NA
"6031",0
"6032",0.714285714285714
"6033",1
"6034",1
"6035",0.333333333333333
"6036",1
"6037",NA
"6038",NA
"6039",NA
"6040",NA
"6041",NA
"6042",NA
"6043",1
"6044",NA
"6045",NA
"6046",NA
"6047",NA
"6048",NA
"6049",-1
"6050",0.714285714285714
"6051",-0.5
"6052",1
"6053",-1
"6054",-1
"6055",NA
"6056",-0.142857142857143
"6057",1
"6058",-1
"6059",0.142857142857143
"6060",-0.666666666666667
"6061",-0.5
"6062",-1
"6063",-1
"6064",0
"6065",0
"6066",1
"6067",1
"6068",NA
"6069",1
"6070",NA
"6071",1
"6072",NA
"6073",-1
"6074",NA
"6075",1
"6076",1
"6077",1
"6078",NA
"6079",1
"6080",0
"6081",NA
"6082",1
"6083",NA
"6084",NA
"6085",NA
"6086",NA
"6087",NA
"6088",1
"6089",NA
"6090",NA
"6091",NA
"6092",NA
"6093",NA
"6094",NA
"6095",NA
"6096",NA
"6097",NA
"6098",NA
"6099",NA
"6100",NA
"6101",NA
"6102",NA
"6103",NA
"6104",NA
"6105",NA
"6106",NA
"6107",NA
"6108",NA
"6109",NA
"6110",NA
"6111",NA
"6112",NA
"6113",NA
"6114",NA
"6115",NA
"6116",NA
"6117",NA
"6118",NA
"6119",NA
"6120",NA
"6121",NA
"6122",NA
"6123",NA
"6124",1
"6125",1
"6126",0.846153846153846
"6127",1
"6128",NA
"6129",1
"6130",NA
"6131",NA
"6132",0.454545454545455
"6133",1
"6134",0.571428571428571
"6135",0.571428571428571
"6136",NA
"6137",0.777777777777778
"6138",0.75
"6139",0.75
"6140",0.8
"6141",NA
"6142",-0.333333333333333
"6143",0.2
"6144",-0.333333333333333
"6145",NA
"6146",-0.333333333333333
"6147",-0.333333333333333
"6148",-0.333333333333333
"6149",NA
"6150",NA
"6151",0
"6152",1
"6153",NA
"6154",NA
"6155",1
"6156",NA
"6157",NA
"6158",-1
"6159",1
"6160",NA
"6161",1
"6162",-1
"6163",NA
"6164",1
"6165",0.294117647058824
"6166",NA
"6167",0.2
"6168",0.125
"6169",0.2
"6170",1
"6171",1
"6172",NA
"6173",-1
"6174",NA
"6175",1
"6176",0.714285714285714
"6177",0.714285714285714
"6178",0.75
"6179",0.733333333333333
"6180",0.733333333333333
"6181",0.733333333333333
"6182",1
"6183",NA
"6184",1
"6185",0.647058823529412
"6186",1
"6187",0.714285714285714
"6188",NA
"6189",NA
"6190",NA
"6191",NA
"6192",NA
"6193",NA
"6194",0
"6195",NA
"6196",0
"6197",0
"6198",0
"6199",NA
"6200",1
"6201",1
"6202",NA
"6203",NA
"6204",NA
"6205",NA
"6206",0.2
"6207",0.2
"6208",0.333333333333333
"6209",NA
"6210",1
"6211",NA
"6212",-0.555555555555556
"6213",-0.555555555555556
"6214",NA
"6215",NA
"6216",-0.333333333333333
"6217",-0.333333333333333
"6218",-0.2
"6219",1
"6220",1
"6221",NA
"6222",NA
"6223",NA
"6224",NA
"6225",0
"6226",0
"6227",1
"6228",-1
"6229",1
"6230",0
"6231",0
"6232",0
"6233",-0.5
"6234",-1
"6235",NA
"6236",-0.5
"6237",0
"6238",-1
"6239",NA
"6240",1
"6241",1
"6242",NA
"6243",-1
"6244",NA
"6245",0.333333333333333
"6246",-1
"6247",NA
"6248",NA
"6249",NA
"6250",NA
"6251",0.6
"6252",NA
"6253",1
"6254",NA
"6255",NA
"6256",NA
"6257",-1
"6258",NA
"6259",1
"6260",NA
"6261",NA
"6262",NA
"6263",1
"6264",1
"6265",NA
"6266",NA
"6267",NA
"6268",1
"6269",NA
"6270",NA
"6271",1
"6272",NA
"6273",1
"6274",NA
"6275",0.5
"6276",1
"6277",NA
"6278",0.333333333333333
"6279",NA
"6280",0.333333333333333
"6281",0.428571428571429
"6282",NA
"6283",0.2
"6284",NA
"6285",0.5
"6286",1
"6287",NA
"6288",NA
"6289",0
"6290",-0.666666666666667
"6291",-1
"6292",-0.333333333333333
"6293",NA
"6294",NA
"6295",1
"6296",1
"6297",NA
"6298",NA
"6299",NA
"6300",1
"6301",0.5
"6302",1
"6303",1
"6304",NA
"6305",0.5
"6306",0.777777777777778
"6307",0.777777777777778
"6308",0.6
"6309",-1
"6310",0.866666666666667
"6311",NA
"6312",1
"6313",0.6
"6314",0.666666666666667
"6315",NA
"6316",1
"6317",1
"6318",0.833333333333333
"6319",0.777777777777778
"6320",1
"6321",NA
"6322",1
"6323",NA
"6324",NA
"6325",0.2
"6326",0
"6327",1
"6328",NA
"6329",0.333333333333333
"6330",1
"6331",1
"6332",1
"6333",NA
"6334",NA
"6335",1
"6336",1
"6337",1
"6338",NA
"6339",1
"6340",NA
"6341",NA
"6342",0.818181818181818
"6343",0.8
"6344",NA
"6345",NA
"6346",1
"6347",1
"6348",NA
"6349",0.714285714285714
"6350",NA
"6351",NA
"6352",1
"6353",0.2
"6354",NA
"6355",NA
"6356",0.714285714285714
"6357",-1
"6358",1
"6359",1
"6360",0.333333333333333
"6361",NA
"6362",1
"6363",1
"6364",1
"6365",1
"6366",1
"6367",1
"6368",NA
"6369",NA
"6370",-1
"6371",NA
"6372",-1
"6373",NA
"6374",-1
"6375",NA
"6376",-1
"6377",NA
"6378",-1
"6379",NA
"6380",NA
"6381",NA
"6382",NA
"6383",NA
"6384",NA
"6385",NA
"6386",NA
"6387",NA
"6388",1
"6389",NA
"6390",NA
"6391",1
"6392",NA
"6393",NA
"6394",NA
"6395",1
"6396",1
"6397",NA
"6398",-1
"6399",NA
"6400",1
"6401",NA
"6402",NA
"6403",1
"6404",1
"6405",NA
"6406",0
"6407",0.6
"6408",1
"6409",1
"6410",NA
"6411",NA
"6412",NA
"6413",1
"6414",1
"6415",1
"6416",NA
"6417",NA
"6418",1
"6419",NA
"6420",NA
"6421",NA
"6422",NA
"6423",NA
"6424",NA
"6425",NA
"6426",NA
"6427",-1
"6428",0.333333333333333
"6429",NA
"6430",NA
"6431",NA
"6432",NA
"6433",NA
"6434",NA
"6435",NA
"6436",NA
"6437",NA
"6438",1
"6439",NA
"6440",0
"6441",NA
"6442",1
"6443",1
"6444",1
"6445",1
"6446",NA
"6447",1
"6448",NA
"6449",NA
"6450",0
"6451",1
"6452",1
"6453",1
"6454",1
"6455",NA
"6456",NA
"6457",NA
"6458",NA
"6459",NA
"6460",NA
"6461",-1
"6462",NA
"6463",1
"6464",NA
"6465",NA
"6466",1
"6467",NA
"6468",-1
"6469",NA
"6470",1
"6471",-1
"6472",-1
"6473",NA
"6474",NA
"6475",NA
"6476",NA
"6477",NA
"6478",NA
"6479",-1
"6480",-1
"6481",NA
"6482",NA
"6483",NA
"6484",NA
"6485",NA
"6486",1
"6487",1
"6488",1
"6489",1
"6490",NA
"6491",NA
"6492",NA
"6493",NA
"6494",NA
"6495",NA
"6496",NA
"6497",NA
"6498",1
"6499",1
"6500",NA
"6501",NA
"6502",NA
"6503",NA
"6504",1
"6505",NA
"6506",NA
"6507",NA
"6508",NA
"6509",NA
"6510",NA
"6511",NA
"6512",NA
"6513",NA
"6514",NA
"6515",-1
"6516",1
"6517",NA
"6518",1
"6519",NA
"6520",NA
"6521",NA
"6522",1
"6523",-1
"6524",NA
"6525",NA
"6526",NA
"6527",NA
"6528",NA
"6529",NA
"6530",NA
"6531",NA
"6532",1
"6533",NA
"6534",0.5
"6535",1
"6536",NA
"6537",NA
"6538",NA
"6539",NA
"6540",NA
"6541",0.333333333333333
"6542",1
"6543",NA
"6544",NA
"6545",NA
"6546",NA
"6547",1
"6548",NA
"6549",NA
"6550",0
"6551",NA
"6552",NA
"6553",1
"6554",0
"6555",NA
"6556",NA
"6557",NA
"6558",NA
"6559",0.25
"6560",NA
"6561",1
"6562",0.333333333333333
"6563",NA
"6564",NA
"6565",NA
"6566",1
"6567",NA
"6568",NA
"6569",NA
"6570",NA
"6571",0
"6572",NA
"6573",NA
"6574",1
"6575",1
"6576",0
"6577",0.25
"6578",NA
"6579",0.666666666666667
"6580",NA
"6581",0
"6582",1
"6583",0
"6584",NA
"6585",1
"6586",1
"6587",1
"6588",NA
"6589",NA
"6590",0.333333333333333
"6591",NA
"6592",1
"6593",0.666666666666667
"6594",0.666666666666667
"6595",1
"6596",1
"6597",NA
"6598",NA
"6599",1
"6600",-1
"6601",0.166666666666667
"6602",NA
"6603",NA
"6604",NA
"6605",NA
"6606",0.333333333333333
"6607",0.333333333333333
"6608",0.333333333333333
"6609",0.333333333333333
"6610",0
"6611",NA
"6612",0.5
"6613",0
"6614",1
"6615",NA
"6616",1
"6617",NA
"6618",NA
"6619",-0.333333333333333
"6620",NA
"6621",NA
"6622",NA
"6623",1
"6624",NA
"6625",NA
"6626",NA
"6627",NA
"6628",0.333333333333333
"6629",1
"6630",0.333333333333333
"6631",0.428571428571429
"6632",0.333333333333333
"6633",0.2
"6634",-0.111111111111111
"6635",0.142857142857143
"6636",NA
"6637",0
"6638",0.333333333333333
"6639",NA
"6640",-1
"6641",NA
"6642",NA
"6643",0.2
"6644",-1
"6645",0.5
"6646",1
"6647",-1
"6648",NA
"6649",NA
"6650",1
"6651",1
"6652",0.2
"6653",0.333333333333333
"6654",0
"6655",NA
"6656",1
"6657",NA
"6658",NA
"6659",0.333333333333333
"6660",NA
"6661",NA
"6662",-1
"6663",NA
"6664",-1
"6665",-1
"6666",-0.333333333333333
"6667",-0.333333333333333
"6668",NA
"6669",NA
"6670",-0.333333333333333
"6671",NA
"6672",NA
"6673",-1
"6674",0
"6675",NA
"6676",0
"6677",0
"6678",0
"6679",NA
"6680",0
"6681",1
"6682",0
"6683",0
"6684",0
"6685",NA
"6686",-0.333333333333333
"6687",-0.333333333333333
"6688",0
"6689",NA
"6690",0.333333333333333
"6691",NA
"6692",0.333333333333333
"6693",1
"6694",NA
"6695",NA
"6696",NA
"6697",NA
"6698",1
"6699",1
"6700",NA
"6701",1
"6702",0.333333333333333
"6703",1
"6704",0.333333333333333
"6705",NA
"6706",1
"6707",1
"6708",1
"6709",1
"6710",1
"6711",0
"6712",1
"6713",1
"6714",NA
"6715",NA
"6716",1
"6717",1
"6718",0
"6719",0
