"","Firms$Tone"
"1",NA
"2",NA
"3",0
"4",NA
"5",NA
"6",NA
"7",-1
"8",-1
"9",NA
"10",NA
"11",NA
"12",NA
"13",NA
"14",NA
"15",NA
"16",-1
"17",NA
"18",1
"19",NA
"20",NA
"21",NA
"22",NA
"23",NA
"24",NA
"25",-1
"26",0.6
"27",NA
"28",-1
"29",NA
"30",NA
"31",NA
"32",NA
"33",-1
"34",NA
"35",NA
"36",NA
"37",NA
"38",NA
"39",-1
"40",NA
"41",NA
"42",NA
"43",NA
"44",NA
"45",0.333333333333333
"46",NA
"47",NA
"48",1
"49",NA
"50",1
"51",NA
"52",NA
"53",0
"54",0
"55",NA
"56",NA
"57",NA
"58",NA
"59",NA
"60",NA
"61",-1
"62",NA
"63",1
"64",NA
"65",NA
"66",1
"67",1
"68",1
"69",-1
"70",-1
"71",NA
"72",NA
"73",1
"74",NA
"75",1
"76",-1
"77",NA
"78",NA
"79",1
"80",NA
"81",-1
"82",1
"83",NA
"84",1
"85",0
"86",1
"87",-0.333333333333333
"88",NA
"89",0
"90",0.333333333333333
"91",NA
"92",-1
"93",-1
"94",NA
"95",NA
"96",NA
"97",NA
"98",NA
"99",NA
"100",NA
"101",NA
"102",NA
"103",NA
"104",NA
"105",NA
"106",NA
"107",NA
"108",NA
"109",NA
"110",NA
"111",NA
"112",NA
"113",NA
"114",NA
"115",NA
"116",NA
"117",NA
"118",NA
"119",-1
"120",-1
"121",0.428571428571429
"122",NA
"123",NA
"124",NA
"125",1
"126",1
"127",1
"128",0
"129",NA
"130",NA
"131",NA
"132",1
"133",-1
"134",-1
"135",NA
"136",1
"137",NA
"138",1
"139",NA
"140",NA
"141",NA
"142",NA
"143",-1
"144",-1
"145",-1
"146",-1
"147",0.333333333333333
"148",1
"149",NA
"150",1
"151",NA
"152",NA
"153",0.6
"154",NA
"155",NA
"156",NA
"157",-1
"158",-1
"159",NA
"160",NA
"161",NA
"162",0
"163",NA
"164",NA
"165",NA
"166",NA
"167",NA
"168",0
"169",NA
"170",-0.2
"171",1
"172",NA
"173",NA
"174",NA
"175",NA
"176",NA
"177",NA
"178",NA
"179",NA
"180",NA
"181",NA
"182",NA
"183",NA
"184",NA
"185",NA
"186",-1
"187",-1
"188",NA
"189",NA
"190",NA
"191",0.428571428571429
"192",NA
"193",NA
"194",NA
"195",NA
"196",NA
"197",NA
"198",1
"199",NA
"200",NA
"201",NA
"202",1
"203",NA
"204",NA
"205",1
"206",1
"207",1
"208",1
"209",-1
"210",NA
"211",NA
"212",NA
"213",-1
"214",-1
"215",-1
"216",NA
"217",-1
"218",-1
"219",NA
"220",1
"221",NA
"222",NA
"223",NA
"224",NA
"225",NA
"226",NA
"227",NA
"228",NA
"229",NA
"230",NA
"231",NA
"232",NA
"233",NA
"234",NA
"235",NA
"236",NA
"237",NA
"238",NA
"239",NA
"240",NA
"241",NA
"242",NA
"243",NA
"244",NA
"245",NA
"246",NA
"247",NA
"248",NA
"249",NA
"250",NA
"251",NA
"252",NA
"253",NA
"254",NA
"255",NA
"256",NA
"257",NA
"258",NA
"259",NA
"260",NA
"261",NA
"262",1
"263",NA
"264",NA
"265",1
"266",NA
"267",NA
"268",NA
"269",NA
"270",NA
"271",NA
"272",1
"273",NA
"274",NA
"275",NA
"276",NA
"277",NA
"278",NA
"279",NA
"280",NA
"281",1
"282",1
"283",NA
"284",NA
"285",NA
"286",NA
"287",NA
"288",-1
"289",NA
"290",NA
"291",NA
"292",NA
"293",NA
"294",NA
"295",NA
"296",NA
"297",NA
"298",NA
"299",NA
"300",NA
"301",NA
"302",NA
"303",NA
"304",NA
"305",NA
"306",NA
"307",NA
"308",NA
"309",1
"310",NA
"311",NA
"312",NA
"313",NA
"314",NA
"315",0.75
"316",NA
"317",NA
"318",1
"319",NA
"320",NA
"321",-0.6
"322",NA
"323",1
"324",NA
"325",0.5
"326",1
"327",NA
"328",NA
"329",NA
"330",NA
"331",NA
"332",1
"333",NA
"334",NA
"335",NA
"336",1
"337",1
"338",NA
"339",NA
"340",NA
"341",NA
"342",NA
"343",NA
"344",NA
"345",NA
"346",NA
"347",NA
"348",NA
"349",NA
"350",1
"351",NA
"352",NA
"353",NA
"354",-1
"355",NA
"356",NA
"357",-1
"358",-1
"359",NA
"360",1
"361",NA
"362",NA
"363",NA
"364",NA
"365",NA
"366",-1
"367",-1
"368",NA
"369",1
"370",NA
"371",NA
"372",NA
"373",-1
"374",NA
"375",NA
"376",-1
"377",NA
"378",NA
"379",NA
"380",NA
"381",NA
"382",NA
"383",NA
"384",NA
"385",NA
"386",NA
"387",NA
"388",NA
"389",NA
"390",NA
"391",NA
"392",NA
"393",NA
"394",NA
"395",NA
"396",NA
"397",-1
"398",NA
"399",NA
"400",NA
"401",0
"402",NA
"403",NA
"404",NA
"405",NA
"406",NA
"407",NA
"408",1
"409",NA
"410",NA
"411",NA
"412",NA
"413",NA
"414",NA
"415",NA
"416",NA
"417",NA
"418",NA
"419",NA
"420",NA
"421",NA
"422",-1
"423",NA
"424",-1
"425",NA
"426",NA
"427",NA
"428",-1
"429",-1
"430",1
"431",NA
"432",NA
"433",NA
"434",NA
"435",-1
"436",NA
"437",0.6
"438",NA
"439",NA
"440",NA
"441",-0.666666666666667
"442",1
"443",NA
"444",NA
"445",NA
"446",NA
"447",NA
"448",NA
"449",NA
"450",NA
"451",NA
"452",NA
"453",NA
"454",NA
"455",-1
"456",NA
"457",0
"458",NA
"459",NA
"460",NA
"461",NA
"462",NA
"463",NA
"464",NA
"465",1
"466",NA
"467",NA
"468",NA
"469",NA
"470",NA
"471",NA
"472",-1
"473",NA
"474",NA
"475",NA
"476",NA
"477",NA
"478",NA
"479",NA
"480",1
"481",-0.333333333333333
"482",NA
"483",NA
"484",-1
"485",NA
"486",NA
"487",NA
"488",NA
"489",NA
"490",NA
"491",NA
"492",NA
"493",NA
"494",1
"495",NA
"496",NA
"497",NA
"498",NA
"499",NA
"500",NA
"501",NA
"502",NA
"503",1
"504",NA
"505",NA
"506",NA
"507",NA
"508",NA
"509",NA
"510",NA
"511",NA
"512",NA
"513",NA
"514",NA
"515",NA
"516",NA
"517",NA
"518",NA
"519",NA
"520",1
"521",NA
"522",1
"523",NA
"524",NA
"525",NA
"526",1
"527",NA
"528",NA
"529",NA
"530",NA
"531",NA
"532",1
"533",1
"534",NA
"535",NA
"536",NA
"537",1
"538",0
"539",NA
"540",-1
"541",-1
"542",NA
"543",1
"544",0
"545",NA
"546",NA
"547",-1
"548",-1
"549",1
"550",1
"551",1
"552",NA
"553",NA
"554",NA
"555",1
"556",NA
"557",NA
"558",NA
"559",NA
"560",NA
"561",0.333333333333333
"562",0.333333333333333
"563",1
"564",NA
"565",NA
"566",NA
"567",NA
"568",-1
"569",1
"570",1
"571",-0.2
"572",NA
"573",NA
"574",NA
"575",NA
"576",NA
"577",1
"578",NA
"579",NA
"580",1
"581",-1
"582",0.333333333333333
"583",0
"584",1
"585",1
"586",NA
"587",1
"588",NA
"589",NA
"590",-0.333333333333333
"591",-0.333333333333333
"592",0.5
"593",-1
"594",NA
"595",-1
"596",-1
"597",1
"598",NA
"599",1
"600",NA
"601",NA
"602",1
"603",1
"604",-1
"605",NA
"606",0
"607",NA
"608",0.2
"609",NA
"610",-1
"611",NA
"612",1
"613",0.5
"614",NA
"615",0
"616",NA
"617",-0.5
"618",-0.6
"619",NA
"620",-0.5
"621",0
"622",NA
"623",NA
"624",NA
"625",NA
"626",0
"627",NA
"628",NA
"629",1
"630",1
"631",NA
"632",NA
"633",NA
"634",NA
"635",1
"636",1
"637",0.333333333333333
"638",NA
"639",NA
"640",1
"641",1
"642",NA
"643",0
"644",0.5
"645",1
"646",1
"647",NA
"648",NA
"649",NA
"650",1
"651",NA
"652",NA
"653",NA
"654",NA
"655",NA
"656",1
"657",1
"658",NA
"659",1
"660",NA
"661",1
"662",1
"663",-1
"664",0.25
"665",NA
"666",NA
"667",NA
"668",NA
"669",NA
"670",NA
"671",NA
"672",NA
"673",NA
"674",0
"675",0
"676",NA
"677",-1
"678",NA
"679",NA
"680",NA
"681",NA
"682",1
"683",-0.666666666666667
"684",NA
"685",NA
"686",NA
"687",NA
"688",-1
"689",NA
"690",NA
"691",-1
"692",1
"693",-1
"694",NA
"695",NA
"696",1
"697",1
"698",NA
"699",NA
"700",-1
"701",NA
"702",-1
"703",0.333333333333333
"704",NA
"705",NA
"706",-1
"707",NA
"708",NA
"709",NA
"710",NA
"711",-1
"712",NA
"713",NA
"714",NA
"715",NA
"716",NA
"717",NA
"718",NA
"719",NA
"720",0
"721",NA
"722",NA
"723",NA
"724",NA
"725",NA
"726",NA
"727",NA
"728",NA
"729",NA
"730",NA
"731",1
"732",NA
"733",NA
"734",NA
"735",NA
"736",NA
"737",NA
"738",NA
"739",NA
"740",NA
"741",NA
"742",NA
"743",NA
"744",NA
"745",-1
"746",-1
"747",NA
"748",NA
"749",NA
"750",NA
"751",NA
"752",NA
"753",-1
"754",NA
"755",NA
"756",0.6
"757",0.6
"758",NA
"759",NA
"760",0
"761",NA
"762",NA
"763",0.333333333333333
"764",NA
"765",0
"766",NA
"767",1
"768",1
"769",NA
"770",NA
"771",0.5
"772",0
"773",NA
"774",-1
"775",-1
"776",NA
"777",NA
"778",NA
"779",-1
"780",NA
"781",NA
"782",NA
"783",-1
"784",NA
"785",NA
"786",-1
"787",NA
"788",1
"789",NA
"790",NA
"791",NA
"792",1
"793",NA
"794",NA
"795",-1
"796",NA
"797",1
"798",1
"799",1
"800",NA
"801",NA
"802",1
"803",0
"804",NA
"805",-1
"806",NA
"807",NA
"808",NA
"809",NA
"810",NA
"811",NA
"812",NA
"813",NA
"814",NA
"815",NA
"816",1
"817",1
"818",1
"819",NA
"820",NA
"821",1
"822",NA
"823",NA
"824",NA
"825",NA
"826",1
"827",1
"828",NA
"829",1
"830",NA
"831",NA
"832",NA
"833",NA
"834",-0.333333333333333
"835",1
"836",1
"837",1
"838",NA
"839",-1
"840",NA
"841",NA
"842",NA
"843",NA
"844",1
"845",NA
"846",1
"847",NA
"848",1
"849",NA
"850",NA
"851",-1
"852",NA
"853",NA
"854",NA
"855",NA
"856",NA
"857",NA
"858",NA
"859",NA
"860",1
"861",1
"862",NA
"863",-1
"864",NA
"865",NA
"866",NA
"867",1
"868",NA
"869",NA
"870",NA
"871",NA
"872",NA
"873",NA
"874",NA
"875",NA
"876",NA
"877",NA
"878",NA
"879",NA
"880",NA
"881",NA
"882",NA
"883",NA
"884",NA
"885",0.5
"886",NA
"887",NA
"888",NA
"889",NA
"890",NA
"891",NA
"892",NA
"893",NA
"894",NA
"895",NA
"896",0
"897",NA
"898",1
"899",NA
"900",NA
"901",-1
"902",NA
"903",NA
"904",NA
"905",1
"906",NA
"907",NA
"908",NA
"909",NA
"910",-1
"911",NA
"912",1
"913",-1
"914",-1
"915",NA
"916",NA
"917",0.5
"918",-1
"919",-1
"920",NA
"921",-1
"922",NA
"923",NA
"924",NA
"925",NA
"926",NA
"927",0.333333333333333
"928",-1
"929",NA
"930",NA
"931",NA
"932",1
"933",NA
"934",1
"935",1
"936",1
"937",NA
"938",1
"939",0.333333333333333
"940",1
"941",NA
"942",NA
"943",1
"944",NA
"945",NA
"946",NA
"947",1
"948",NA
"949",NA
"950",NA
"951",NA
"952",1
"953",NA
"954",NA
"955",NA
"956",NA
"957",-1
"958",-1
"959",NA
"960",-1
"961",NA
"962",-1
"963",-1
"964",-1
"965",NA
"966",NA
"967",NA
"968",-1
"969",1
"970",NA
"971",0
"972",NA
"973",NA
"974",NA
"975",NA
"976",1
"977",NA
"978",NA
"979",NA
"980",NA
"981",NA
"982",NA
"983",NA
"984",NA
"985",NA
"986",NA
"987",NA
"988",-1
"989",NA
"990",NA
"991",NA
"992",NA
"993",NA
"994",NA
"995",NA
"996",NA
"997",NA
"998",NA
"999",1
"1000",NA
"1001",NA
"1002",NA
"1003",0.333333333333333
"1004",NA
"1005",NA
"1006",1
"1007",NA
"1008",1
"1009",NA
"1010",NA
"1011",0
"1012",0
"1013",NA
"1014",NA
"1015",NA
"1016",NA
"1017",NA
"1018",NA
"1019",-1
"1020",NA
"1021",1
"1022",NA
"1023",NA
"1024",1
"1025",1
"1026",1
"1027",-1
"1028",-1
"1029",NA
"1030",NA
"1031",1
"1032",NA
"1033",1
"1034",-1
"1035",NA
"1036",NA
"1037",1
"1038",NA
"1039",-1
"1040",1
"1041",NA
"1042",1
"1043",0
"1044",1
"1045",-0.333333333333333
"1046",NA
"1047",0
"1048",0.333333333333333
"1049",NA
"1050",-1
"1051",-1
"1052",NA
"1053",NA
"1054",NA
"1055",NA
"1056",NA
"1057",NA
"1058",NA
"1059",NA
"1060",NA
"1061",NA
"1062",NA
"1063",NA
"1064",NA
"1065",-1
"1066",-1
"1067",0.428571428571429
"1068",NA
"1069",NA
"1070",NA
"1071",1
"1072",1
"1073",1
"1074",0
"1075",NA
"1076",NA
"1077",1
"1078",-1
"1079",NA
"1080",NA
"1081",-1
"1082",NA
"1083",1
"1084",NA
"1085",-1
"1086",NA
"1087",NA
"1088",NA
"1089",-1
"1090",NA
"1091",-1
"1092",NA
"1093",-1
"1094",NA
"1095",NA
"1096",-1
"1097",NA
"1098",NA
"1099",NA
"1100",-1
"1101",NA
"1102",NA
"1103",1
"1104",NA
"1105",NA
"1106",1
"1107",NA
"1108",NA
"1109",NA
"1110",1
"1111",NA
"1112",NA
"1113",1
"1114",NA
"1115",NA
"1116",NA
"1117",1
"1118",1
"1119",NA
"1120",1
"1121",NA
"1122",NA
"1123",NA
"1124",NA
"1125",NA
"1126",1
"1127",0
"1128",NA
"1129",NA
"1130",NA
"1131",NA
"1132",-0.2
"1133",1
"1134",NA
"1135",NA
"1136",NA
"1137",NA
"1138",NA
"1139",NA
"1140",-1
"1141",1
"1142",NA
"1143",NA
"1144",NA
"1145",NA
"1146",1
"1147",NA
"1148",NA
"1149",NA
"1150",NA
"1151",NA
"1152",NA
"1153",NA
"1154",NA
"1155",NA
"1156",1
"1157",0.333333333333333
"1158",NA
"1159",NA
"1160",NA
"1161",NA
"1162",NA
"1163",NA
"1164",NA
"1165",1
"1166",NA
"1167",NA
"1168",1
"1169",NA
"1170",-1
"1171",1
"1172",NA
"1173",1
"1174",NA
"1175",NA
"1176",NA
"1177",1
"1178",NA
"1179",NA
"1180",NA
"1181",NA
"1182",NA
"1183",NA
"1184",NA
"1185",1
"1186",NA
"1187",NA
"1188",NA
"1189",0.6
"1190",0.333333333333333
"1191",NA
"1192",1
"1193",NA
"1194",NA
"1195",-1
"1196",NA
"1197",NA
"1198",NA
"1199",NA
"1200",NA
"1201",NA
"1202",NA
"1203",0
"1204",-1
"1205",NA
"1206",NA
"1207",NA
"1208",NA
"1209",NA
"1210",NA
"1211",NA
"1212",1
"1213",NA
"1214",NA
"1215",0.272727272727273
"1216",1
"1217",NA
"1218",NA
"1219",NA
"1220",NA
"1221",NA
"1222",1
"1223",NA
"1224",NA
"1225",NA
"1226",-1
"1227",NA
"1228",1
"1229",NA
"1230",NA
"1231",0
"1232",NA
"1233",NA
"1234",NA
"1235",NA
"1236",NA
"1237",NA
"1238",-1
"1239",-1
"1240",-0.555555555555556
"1241",NA
"1242",NA
"1243",NA
"1244",NA
"1245",NA
"1246",NA
"1247",NA
"1248",NA
"1249",NA
"1250",NA
"1251",NA
"1252",NA
"1253",NA
"1254",NA
"1255",NA
"1256",NA
"1257",NA
"1258",NA
"1259",NA
"1260",NA
"1261",NA
"1262",NA
"1263",NA
"1264",NA
"1265",NA
"1266",NA
"1267",NA
"1268",NA
"1269",NA
"1270",NA
"1271",NA
"1272",NA
"1273",1
"1274",NA
"1275",0
"1276",NA
"1277",NA
"1278",NA
"1279",1
"1280",NA
"1281",NA
"1282",NA
"1283",NA
"1284",NA
"1285",NA
"1286",NA
"1287",-1
"1288",NA
"1289",NA
"1290",NA
"1291",NA
"1292",NA
"1293",NA
"1294",NA
"1295",NA
"1296",NA
"1297",NA
"1298",1
"1299",-1
"1300",-1
"1301",NA
"1302",1
"1303",NA
"1304",1
"1305",NA
"1306",NA
"1307",NA
"1308",NA
"1309",-1
"1310",-1
"1311",-1
"1312",-1
"1313",0.333333333333333
"1314",1
"1315",NA
"1316",1
"1317",NA
"1318",NA
"1319",0.6
"1320",NA
"1321",NA
"1322",NA
"1323",NA
"1324",-1
"1325",NA
"1326",NA
"1327",NA
"1328",NA
"1329",NA
"1330",NA
"1331",NA
"1332",NA
"1333",NA
"1334",NA
"1335",NA
"1336",NA
"1337",NA
"1338",NA
"1339",NA
"1340",NA
"1341",NA
"1342",NA
"1343",NA
"1344",NA
"1345",NA
"1346",NA
"1347",NA
"1348",NA
"1349",NA
"1350",NA
"1351",1
"1352",NA
"1353",NA
"1354",1
"1355",NA
"1356",NA
"1357",NA
"1358",NA
"1359",NA
"1360",NA
"1361",1
"1362",NA
"1363",NA
"1364",NA
"1365",1
"1366",NA
"1367",NA
"1368",NA
"1369",NA
"1370",NA
"1371",NA
"1372",NA
"1373",NA
"1374",NA
"1375",NA
"1376",NA
"1377",NA
"1378",NA
"1379",NA
"1380",1
"1381",-1
"1382",1
"1383",1
"1384",NA
"1385",NA
"1386",NA
"1387",NA
"1388",NA
"1389",NA
"1390",NA
"1391",NA
"1392",NA
"1393",1
"1394",NA
"1395",NA
"1396",-0.2
"1397",NA
"1398",NA
"1399",NA
"1400",NA
"1401",NA
"1402",NA
"1403",1
"1404",NA
"1405",NA
"1406",NA
"1407",NA
"1408",NA
"1409",NA
"1410",NA
"1411",NA
"1412",NA
"1413",NA
"1414",NA
"1415",NA
"1416",NA
"1417",NA
"1418",1
"1419",NA
"1420",NA
"1421",-1
"1422",NA
"1423",NA
"1424",1
"1425",NA
"1426",NA
"1427",0
"1428",NA
"1429",1
"1430",NA
"1431",NA
"1432",NA
"1433",NA
"1434",NA
"1435",NA
"1436",NA
"1437",NA
"1438",NA
"1439",NA
"1440",NA
"1441",NA
"1442",NA
"1443",NA
"1444",NA
"1445",NA
"1446",NA
"1447",NA
"1448",NA
"1449",1
"1450",NA
"1451",NA
"1452",NA
"1453",NA
"1454",NA
"1455",NA
"1456",NA
"1457",1
"1458",NA
"1459",NA
"1460",NA
"1461",NA
"1462",NA
"1463",NA
"1464",NA
"1465",NA
"1466",NA
"1467",NA
"1468",NA
"1469",NA
"1470",NA
"1471",NA
"1472",NA
"1473",NA
"1474",NA
"1475",NA
"1476",NA
"1477",NA
"1478",NA
"1479",NA
"1480",NA
"1481",NA
"1482",NA
"1483",NA
"1484",NA
"1485",NA
"1486",NA
"1487",NA
"1488",NA
"1489",NA
"1490",NA
"1491",NA
"1492",NA
"1493",NA
"1494",1
"1495",NA
"1496",NA
"1497",NA
"1498",NA
"1499",NA
"1500",NA
"1501",NA
"1502",NA
"1503",NA
"1504",NA
"1505",NA
"1506",NA
"1507",NA
"1508",NA
"1509",NA
"1510",NA
"1511",NA
"1512",NA
"1513",NA
"1514",NA
"1515",NA
"1516",NA
"1517",1
"1518",1
"1519",NA
"1520",NA
"1521",NA
"1522",NA
"1523",NA
"1524",-1
"1525",NA
"1526",NA
"1527",NA
"1528",NA
"1529",NA
"1530",NA
"1531",NA
"1532",NA
"1533",NA
"1534",NA
"1535",NA
"1536",NA
"1537",NA
"1538",NA
"1539",NA
"1540",NA
"1541",NA
"1542",NA
"1543",NA
"1544",NA
"1545",1
"1546",NA
"1547",NA
"1548",NA
"1549",NA
"1550",NA
"1551",0.75
"1552",NA
"1553",NA
"1554",1
"1555",NA
"1556",NA
"1557",-0.6
"1558",NA
"1559",NA
"1560",NA
"1561",NA
"1562",NA
"1563",NA
"1564",NA
"1565",NA
"1566",NA
"1567",NA
"1568",NA
"1569",NA
"1570",NA
"1571",NA
"1572",NA
"1573",NA
"1574",NA
"1575",NA
"1576",NA
"1577",-1
"1578",1
"1579",NA
"1580",NA
"1581",1
"1582",NA
"1583",NA
"1584",NA
"1585",NA
"1586",NA
"1587",-1
"1588",NA
"1589",NA
"1590",NA
"1591",NA
"1592",NA
"1593",NA
"1594",NA
"1595",1
"1596",1
"1597",NA
"1598",NA
"1599",NA
"1600",NA
"1601",NA
"1602",NA
"1603",1
"1604",NA
"1605",NA
"1606",NA
"1607",NA
"1608",NA
"1609",NA
"1610",NA
"1611",NA
"1612",NA
"1613",1
"1614",NA
"1615",1
"1616",NA
"1617",NA
"1618",NA
"1619",NA
"1620",NA
"1621",NA
"1622",NA
"1623",NA
"1624",NA
"1625",NA
"1626",0
"1627",NA
"1628",NA
"1629",NA
"1630",1
"1631",NA
"1632",NA
"1633",NA
"1634",NA
"1635",NA
"1636",NA
"1637",NA
"1638",NA
"1639",NA
"1640",NA
"1641",NA
"1642",NA
"1643",NA
"1644",NA
"1645",NA
"1646",-1
"1647",NA
"1648",0.333333333333333
"1649",NA
"1650",NA
"1651",NA
"1652",NA
"1653",NA
"1654",NA
"1655",NA
"1656",NA
"1657",NA
"1658",NA
"1659",NA
"1660",NA
"1661",0
"1662",1
"1663",NA
"1664",1
"1665",NA
"1666",0.5
"1667",0
"1668",NA
"1669",NA
"1670",NA
"1671",1
"1672",NA
"1673",1
"1674",1
"1675",NA
"1676",1
"1677",-1
"1678",NA
"1679",-1
"1680",NA
"1681",NA
"1682",0
"1683",NA
"1684",-1
"1685",NA
"1686",NA
"1687",NA
"1688",1
"1689",-1
"1690",NA
"1691",NA
"1692",NA
"1693",NA
"1694",-1
"1695",1
"1696",1
"1697",1
"1698",1
"1699",NA
"1700",-1
"1701",NA
"1702",NA
"1703",NA
"1704",1
"1705",NA
"1706",NA
"1707",NA
"1708",NA
"1709",NA
"1710",-1
"1711",NA
"1712",NA
"1713",1
"1714",1
"1715",NA
"1716",NA
"1717",NA
"1718",NA
"1719",NA
"1720",NA
"1721",NA
"1722",NA
"1723",NA
"1724",NA
"1725",NA
"1726",NA
"1727",NA
"1728",NA
"1729",NA
"1730",NA
"1731",1
"1732",NA
"1733",NA
"1734",NA
"1735",-1
"1736",NA
"1737",NA
"1738",-1
"1739",-1
"1740",NA
"1741",1
"1742",NA
"1743",NA
"1744",NA
"1745",NA
"1746",NA
"1747",NA
"1748",NA
"1749",NA
"1750",NA
"1751",1
"1752",NA
"1753",NA
"1754",NA
"1755",-1
"1756",NA
"1757",NA
"1758",-1
"1759",-1
"1760",NA
"1761",1
"1762",NA
"1763",NA
"1764",NA
"1765",0
"1766",NA
"1767",NA
"1768",NA
"1769",NA
"1770",NA
"1771",NA
"1772",NA
"1773",NA
"1774",NA
"1775",NA
"1776",NA
"1777",NA
"1778",NA
"1779",NA
"1780",NA
"1781",1
"1782",NA
"1783",NA
"1784",NA
"1785",NA
"1786",NA
"1787",NA
"1788",NA
"1789",NA
"1790",NA
"1791",NA
"1792",NA
"1793",NA
"1794",NA
"1795",NA
"1796",NA
"1797",NA
"1798",NA
"1799",0.5
"1800",NA
"1801",NA
"1802",NA
"1803",NA
"1804",NA
"1805",NA
"1806",1
"1807",1
"1808",1
"1809",NA
"1810",NA
"1811",NA
"1812",0.6
"1813",NA
"1814",NA
"1815",-1
"1816",NA
"1817",NA
"1818",NA
"1819",NA
"1820",NA
"1821",NA
"1822",NA
"1823",NA
"1824",NA
"1825",NA
"1826",NA
"1827",NA
"1828",NA
"1829",NA
"1830",NA
"1831",-1
"1832",NA
"1833",NA
"1834",NA
"1835",-1
"1836",1
"1837",0
"1838",-0.2
"1839",NA
"1840",NA
"1841",NA
"1842",1
"1843",NA
"1844",NA
"1845",NA
"1846",NA
"1847",NA
"1848",1
"1849",-1
"1850",NA
"1851",0
"1852",NA
"1853",NA
"1854",NA
"1855",NA
"1856",NA
"1857",NA
"1858",1
"1859",NA
"1860",NA
"1861",NA
"1862",0.2
"1863",1
"1864",NA
"1865",1
"1866",NA
"1867",NA
"1868",1
"1869",NA
"1870",0
"1871",NA
"1872",NA
"1873",NA
"1874",-0.333333333333333
"1875",NA
"1876",NA
"1877",1
"1878",NA
"1879",NA
"1880",NA
"1881",NA
"1882",NA
"1883",0.6
"1884",1
"1885",NA
"1886",1
"1887",NA
"1888",NA
"1889",NA
"1890",1
"1891",NA
"1892",NA
"1893",NA
"1894",NA
"1895",0.333333333333333
"1896",NA
"1897",NA
"1898",NA
"1899",-1
"1900",NA
"1901",NA
"1902",NA
"1903",0.75
"1904",NA
"1905",NA
"1906",NA
"1907",1
"1908",NA
"1909",NA
"1910",-1
"1911",NA
"1912",NA
"1913",NA
"1914",NA
"1915",NA
"1916",-1
"1917",NA
"1918",NA
"1919",-1
"1920",1
"1921",NA
"1922",-0.333333333333333
"1923",0.538461538461538
"1924",NA
"1925",NA
"1926",1
"1927",NA
"1928",-1
"1929",-0.333333333333333
"1930",NA
"1931",NA
"1932",-1
"1933",NA
"1934",NA
"1935",1
"1936",NA
"1937",NA
"1938",1
"1939",NA
"1940",1
"1941",NA
"1942",NA
"1943",NA
"1944",0
"1945",NA
"1946",NA
"1947",NA
"1948",NA
"1949",NA
"1950",NA
"1951",NA
"1952",-1
"1953",NA
"1954",0.777777777777778
"1955",NA
"1956",1
"1957",NA
"1958",NA
"1959",NA
"1960",1
"1961",NA
"1962",NA
"1963",NA
"1964",0
"1965",NA
"1966",1
"1967",NA
"1968",NA
"1969",1
"1970",NA
"1971",1
"1972",NA
"1973",NA
"1974",1
"1975",0.733333333333333
"1976",NA
"1977",NA
"1978",NA
"1979",1
"1980",NA
"1981",NA
"1982",1
"1983",1
"1984",0.8
"1985",NA
"1986",NA
"1987",NA
"1988",1
"1989",NA
"1990",1
"1991",NA
"1992",NA
"1993",NA
"1994",NA
"1995",0
"1996",1
"1997",0.333333333333333
"1998",NA
"1999",1
"2000",NA
"2001",NA
"2002",NA
"2003",-1
"2004",0
"2005",NA
"2006",NA
"2007",NA
"2008",NA
"2009",NA
"2010",-1
"2011",NA
"2012",1
"2013",1
"2014",NA
"2015",NA
"2016",1
"2017",0
"2018",1
"2019",1
"2020",0
"2021",NA
"2022",1
"2023",NA
"2024",NA
"2025",0
"2026",NA
"2027",NA
"2028",NA
"2029",NA
"2030",NA
"2031",NA
"2032",NA
"2033",1
"2034",1
"2035",1
"2036",-1
"2037",0
"2038",NA
"2039",NA
"2040",NA
"2041",NA
"2042",1
"2043",NA
"2044",0.714285714285714
"2045",-1
"2046",0.666666666666667
"2047",NA
"2048",1
"2049",NA
"2050",NA
"2051",NA
"2052",NA
"2053",1
"2054",NA
"2055",NA
"2056",NA
"2057",NA
"2058",NA
"2059",NA
"2060",1
"2061",NA
"2062",NA
"2063",NA
"2064",NA
"2065",NA
"2066",NA
"2067",NA
"2068",0.692307692307692
"2069",NA
"2070",-1
"2071",NA
"2072",1
"2073",1
"2074",NA
"2075",0
"2076",1
"2077",1
"2078",NA
"2079",NA
"2080",NA
"2081",1
"2082",1
"2083",NA
"2084",0.5
"2085",0.5
"2086",1
"2087",NA
"2088",1
"2089",NA
"2090",NA
"2091",0.818181818181818
"2092",1
"2093",1
"2094",NA
"2095",NA
"2096",NA
"2097",1
"2098",NA
"2099",NA
"2100",NA
"2101",NA
"2102",NA
"2103",NA
"2104",NA
"2105",1
"2106",1
"2107",0
"2108",NA
"2109",NA
"2110",NA
"2111",NA
"2112",NA
"2113",NA
"2114",NA
"2115",NA
"2116",NA
"2117",1
"2118",NA
"2119",NA
"2120",NA
"2121",NA
"2122",NA
"2123",NA
"2124",NA
"2125",NA
"2126",NA
"2127",NA
"2128",1
"2129",NA
"2130",1
"2131",NA
"2132",NA
"2133",NA
"2134",NA
"2135",NA
"2136",NA
"2137",1
"2138",0.6
"2139",1
"2140",NA
"2141",NA
"2142",NA
"2143",NA
"2144",0
"2145",0.6
"2146",0.333333333333333
"2147",1
"2148",NA
"2149",-1
"2150",NA
"2151",NA
"2152",0.333333333333333
"2153",0
"2154",NA
"2155",NA
"2156",1
"2157",1
"2158",NA
"2159",NA
"2160",NA
"2161",NA
"2162",-1
"2163",NA
"2164",1
"2165",NA
"2166",0.6
"2167",1
"2168",1
"2169",NA
"2170",0.882352941176471
"2171",NA
"2172",0.333333333333333
"2173",NA
"2174",-1
"2175",NA
"2176",NA
"2177",NA
"2178",1
"2179",NA
"2180",NA
"2181",NA
"2182",NA
"2183",1
"2184",NA
"2185",1
"2186",NA
"2187",NA
"2188",NA
"2189",1
"2190",NA
"2191",0.333333333333333
"2192",0.333333333333333
"2193",NA
"2194",NA
"2195",NA
"2196",NA
"2197",1
"2198",NA
"2199",NA
"2200",1
"2201",NA
"2202",1
"2203",1
"2204",NA
"2205",NA
"2206",1
"2207",NA
"2208",NA
"2209",NA
"2210",NA
"2211",0.5
"2212",NA
"2213",1
"2214",NA
"2215",NA
"2216",1
"2217",NA
"2218",NA
"2219",NA
"2220",NA
"2221",NA
"2222",0.333333333333333
"2223",NA
"2224",1
"2225",NA
"2226",-1
"2227",0
"2228",1
"2229",NA
"2230",-0.5
"2231",NA
"2232",NA
"2233",NA
"2234",1
"2235",NA
"2236",-1
"2237",NA
"2238",1
"2239",NA
"2240",1
"2241",NA
"2242",NA
"2243",1
"2244",NA
"2245",-1
"2246",NA
"2247",1
"2248",NA
"2249",NA
"2250",1
"2251",NA
"2252",0.333333333333333
"2253",0.25
"2254",-1
"2255",NA
"2256",NA
"2257",1
"2258",NA
"2259",-1
"2260",0.25
"2261",NA
"2262",NA
"2263",NA
"2264",1
"2265",1
"2266",NA
"2267",1
"2268",NA
"2269",NA
"2270",-1
"2271",NA
"2272",1
"2273",0
"2274",NA
"2275",NA
"2276",NA
"2277",NA
"2278",1
"2279",NA
"2280",1
"2281",1
"2282",1
"2283",1
"2284",NA
"2285",NA
"2286",NA
"2287",0.333333333333333
"2288",1
"2289",NA
"2290",-1
"2291",1
"2292",NA
"2293",NA
"2294",NA
"2295",0.714285714285714
"2296",NA
"2297",NA
"2298",0.333333333333333
"2299",NA
"2300",-1
"2301",NA
"2302",1
"2303",NA
"2304",NA
"2305",1
"2306",1
"2307",-1
"2308",NA
"2309",1
"2310",NA
"2311",NA
"2312",NA
"2313",-1
"2314",NA
"2315",1
"2316",1
"2317",0.6
"2318",1
"2319",NA
"2320",NA
"2321",0.333333333333333
"2322",1
"2323",NA
"2324",NA
"2325",-0.5
"2326",NA
"2327",NA
"2328",NA
"2329",NA
"2330",NA
"2331",NA
"2332",-0.5
"2333",NA
"2334",1
"2335",NA
"2336",NA
"2337",0.2
"2338",1
"2339",NA
"2340",-1
"2341",-1
"2342",NA
"2343",0
"2344",0.777777777777778
"2345",1
"2346",NA
"2347",0.333333333333333
"2348",NA
"2349",NA
"2350",1
"2351",NA
"2352",NA
"2353",NA
"2354",0.333333333333333
"2355",NA
"2356",1
"2357",NA
"2358",NA
"2359",NA
"2360",NA
"2361",NA
"2362",NA
"2363",NA
"2364",1
"2365",NA
"2366",NA
"2367",NA
"2368",0.5
"2369",1
"2370",NA
"2371",1
"2372",NA
"2373",NA
"2374",NA
"2375",NA
"2376",NA
"2377",NA
"2378",0.6
"2379",NA
"2380",0.818181818181818
"2381",0
"2382",1
"2383",0
"2384",NA
"2385",NA
"2386",NA
"2387",1
"2388",NA
"2389",NA
"2390",NA
"2391",1
"2392",-1
"2393",-0.333333333333333
"2394",NA
"2395",NA
"2396",0.684210526315789
"2397",-1
"2398",NA
"2399",NA
"2400",-1
"2401",NA
"2402",0.684210526315789
"2403",1
"2404",NA
"2405",1
"2406",1
"2407",NA
"2408",NA
"2409",1
"2410",-0.333333333333333
"2411",NA
"2412",NA
"2413",-0.333333333333333
"2414",NA
"2415",1
"2416",NA
"2417",NA
"2418",-1
"2419",NA
"2420",NA
"2421",NA
"2422",0.333333333333333
"2423",NA
"2424",-1
"2425",NA
"2426",1
"2427",NA
"2428",NA
"2429",1
"2430",NA
"2431",1
"2432",1
"2433",NA
"2434",NA
"2435",1
"2436",NA
"2437",NA
"2438",NA
"2439",NA
"2440",NA
"2441",NA
"2442",NA
"2443",1
"2444",NA
"2445",0.5
"2446",1
"2447",1
"2448",NA
"2449",NA
"2450",NA
"2451",NA
"2452",NA
"2453",-1
"2454",NA
"2455",NA
"2456",NA
"2457",1
"2458",NA
"2459",NA
"2460",1
"2461",0.333333333333333
"2462",NA
"2463",NA
"2464",NA
"2465",NA
"2466",NA
"2467",NA
"2468",NA
"2469",NA
"2470",1
"2471",1
"2472",NA
"2473",NA
"2474",NA
"2475",-1
"2476",NA
"2477",NA
"2478",NA
"2479",NA
"2480",NA
"2481",1
"2482",NA
"2483",1
"2484",1
"2485",NA
"2486",NA
"2487",NA
"2488",-1
"2489",NA
"2490",NA
"2491",0
"2492",NA
"2493",NA
"2494",NA
"2495",NA
"2496",NA
"2497",NA
"2498",NA
"2499",NA
"2500",NA
"2501",1
"2502",NA
"2503",1
"2504",1
"2505",NA
"2506",NA
"2507",1
"2508",1
"2509",NA
"2510",NA
"2511",NA
"2512",NA
"2513",NA
"2514",1
"2515",-1
"2516",NA
"2517",NA
"2518",NA
"2519",-0.333333333333333
"2520",0.333333333333333
"2521",NA
"2522",NA
"2523",NA
"2524",NA
"2525",1
"2526",NA
"2527",NA
"2528",1
"2529",0.2
"2530",1
"2531",NA
"2532",0.5
"2533",NA
"2534",-1
"2535",NA
"2536",NA
"2537",NA
"2538",NA
"2539",1
"2540",NA
"2541",-1
"2542",1
"2543",1
"2544",NA
"2545",0.714285714285714
"2546",NA
"2547",NA
"2548",1
"2549",0
"2550",NA
"2551",NA
"2552",0.333333333333333
"2553",1
"2554",1
"2555",NA
"2556",NA
"2557",NA
"2558",NA
"2559",0
"2560",-1
"2561",NA
"2562",NA
"2563",NA
"2564",NA
"2565",NA
"2566",-1
"2567",NA
"2568",NA
"2569",NA
"2570",NA
"2571",NA
"2572",NA
"2573",NA
"2574",NA
"2575",NA
"2576",NA
"2577",NA
"2578",NA
"2579",-1
"2580",NA
"2581",NA
"2582",1
"2583",NA
"2584",NA
"2585",NA
"2586",0.333333333333333
"2587",-1
"2588",NA
"2589",NA
"2590",NA
"2591",NA
"2592",-1
"2593",NA
"2594",NA
"2595",NA
"2596",NA
"2597",NA
"2598",NA
"2599",NA
"2600",NA
"2601",NA
"2602",NA
"2603",NA
"2604",NA
"2605",NA
"2606",NA
"2607",-1
"2608",NA
"2609",NA
"2610",NA
"2611",-1
"2612",NA
"2613",-1
"2614",NA
"2615",NA
"2616",NA
"2617",NA
"2618",0.333333333333333
"2619",NA
"2620",NA
"2621",NA
"2622",NA
"2623",NA
"2624",1
"2625",NA
"2626",NA
"2627",NA
"2628",NA
"2629",NA
"2630",NA
"2631",NA
"2632",-1
"2633",NA
"2634",NA
"2635",NA
"2636",1
"2637",NA
"2638",NA
"2639",-1
"2640",NA
"2641",1
"2642",1
"2643",NA
"2644",NA
"2645",NA
"2646",-1
"2647",1
"2648",NA
"2649",NA
"2650",-1
"2651",NA
"2652",NA
"2653",NA
"2654",NA
"2655",0.333333333333333
"2656",-1
"2657",NA
"2658",1
"2659",NA
"2660",NA
"2661",1
"2662",NA
"2663",NA
"2664",NA
"2665",-1
"2666",-1
"2667",1
"2668",1
"2669",0
"2670",1
"2671",1
"2672",NA
"2673",1
"2674",NA
"2675",NA
"2676",NA
"2677",1
"2678",NA
"2679",NA
"2680",1
"2681",NA
"2682",NA
"2683",NA
"2684",1
"2685",NA
"2686",NA
"2687",NA
"2688",NA
"2689",NA
"2690",NA
"2691",-1
"2692",1
"2693",NA
"2694",NA
"2695",NA
"2696",NA
"2697",NA
"2698",NA
"2699",1
"2700",-1
"2701",NA
"2702",1
"2703",1
"2704",1
"2705",NA
"2706",-1
"2707",NA
"2708",NA
"2709",0
"2710",NA
"2711",1
"2712",NA
"2713",1
"2714",NA
"2715",1
"2716",NA
"2717",NA
"2718",NA
"2719",NA
"2720",NA
"2721",-1
"2722",NA
"2723",0.333333333333333
"2724",NA
"2725",NA
"2726",1
"2727",1
"2728",NA
"2729",1
"2730",NA
"2731",NA
"2732",-1
"2733",NA
"2734",1
"2735",NA
"2736",-1
"2737",NA
"2738",1
"2739",NA
"2740",-1
"2741",1
"2742",NA
"2743",NA
"2744",-1
"2745",1
"2746",NA
"2747",NA
"2748",-0.5
"2749",0.25
"2750",NA
"2751",NA
"2752",1
"2753",0.5
"2754",-1
"2755",NA
"2756",1
"2757",NA
"2758",-1
"2759",NA
"2760",NA
"2761",NA
"2762",0
"2763",-1
"2764",NA
"2765",NA
"2766",1
"2767",NA
"2768",1
"2769",1
"2770",1
"2771",NA
"2772",NA
"2773",NA
"2774",0
"2775",NA
"2776",NA
"2777",-1
"2778",1
"2779",0
"2780",NA
"2781",NA
"2782",NA
"2783",NA
"2784",NA
"2785",1
"2786",1
"2787",1
"2788",0.6
"2789",NA
"2790",NA
"2791",NA
"2792",NA
"2793",-0.5
"2794",NA
"2795",NA
"2796",NA
"2797",-1
"2798",1
"2799",-1
"2800",-1
"2801",NA
"2802",NA
"2803",NA
"2804",NA
"2805",NA
"2806",NA
"2807",NA
"2808",NA
"2809",NA
"2810",-1
"2811",NA
"2812",NA
"2813",-1
"2814",NA
"2815",1
"2816",-0.333333333333333
"2817",NA
"2818",1
"2819",NA
"2820",-0.333333333333333
"2821",NA
"2822",NA
"2823",0.333333333333333
"2824",NA
"2825",NA
"2826",1
"2827",NA
"2828",NA
"2829",NA
"2830",1
"2831",NA
"2832",NA
"2833",NA
"2834",NA
"2835",1
"2836",1
"2837",NA
"2838",NA
"2839",NA
"2840",NA
"2841",-1
"2842",NA
"2843",NA
"2844",NA
"2845",NA
"2846",NA
"2847",NA
"2848",NA
"2849",-1
"2850",NA
"2851",NA
"2852",NA
"2853",NA
"2854",NA
"2855",1
"2856",NA
"2857",NA
"2858",NA
"2859",-0.333333333333333
"2860",NA
"2861",NA
"2862",-1
"2863",NA
"2864",NA
"2865",NA
"2866",1
"2867",NA
"2868",-1
"2869",NA
"2870",NA
"2871",NA
"2872",1
"2873",NA
"2874",-1
"2875",0
"2876",NA
"2877",NA
"2878",NA
"2879",NA
"2880",0
"2881",NA
"2882",NA
"2883",NA
"2884",NA
"2885",NA
"2886",NA
"2887",NA
"2888",NA
"2889",1
"2890",NA
"2891",NA
"2892",NA
"2893",NA
"2894",NA
"2895",1
"2896",NA
"2897",NA
"2898",NA
"2899",NA
"2900",-0.6
"2901",-0.2
"2902",NA
"2903",1
"2904",-1
"2905",NA
"2906",NA
"2907",NA
"2908",NA
"2909",NA
"2910",NA
"2911",-1
"2912",1
"2913",NA
"2914",0.272727272727273
"2915",1
"2916",NA
"2917",NA
"2918",NA
"2919",-1
"2920",NA
"2921",NA
"2922",NA
"2923",0
"2924",NA
"2925",1
"2926",1
"2927",NA
"2928",1
"2929",NA
"2930",-1
"2931",NA
"2932",NA
"2933",-1
"2934",NA
"2935",1
"2936",NA
"2937",NA
"2938",NA
"2939",NA
"2940",NA
"2941",0
"2942",1
"2943",NA
"2944",1
"2945",NA
"2946",-1
"2947",0
"2948",1
"2949",NA
"2950",0.5
"2951",-1
"2952",NA
"2953",1
"2954",NA
"2955",-1
"2956",0
"2957",1
"2958",1
"2959",0.2
"2960",1
"2961",NA
"2962",NA
"2963",NA
"2964",NA
"2965",-0.333333333333333
"2966",NA
"2967",NA
"2968",NA
"2969",NA
"2970",0.333333333333333
"2971",-0.333333333333333
"2972",NA
"2973",NA
"2974",1
"2975",NA
"2976",NA
"2977",NA
"2978",NA
"2979",NA
"2980",-1
"2981",NA
"2982",1
"2983",0
"2984",0
"2985",-1
"2986",NA
"2987",NA
"2988",NA
"2989",-1
"2990",NA
"2991",NA
"2992",0.428571428571429
"2993",-1
"2994",0
"2995",NA
"2996",0.5
"2997",NA
"2998",NA
"2999",NA
"3000",NA
"3001",0.2
"3002",1
"3003",0.142857142857143
"3004",NA
"3005",0.25
"3006",NA
"3007",NA
"3008",0.25
"3009",NA
"3010",0
"3011",NA
"3012",NA
"3013",NA
"3014",1
"3015",-0.333333333333333
"3016",-0.333333333333333
"3017",-1
"3018",NA
"3019",1
"3020",NA
"3021",1
"3022",-1
"3023",NA
"3024",NA
"3025",NA
"3026",NA
"3027",NA
"3028",NA
"3029",NA
"3030",NA
"3031",NA
"3032",NA
"3033",NA
"3034",NA
"3035",NA
"3036",NA
"3037",1
"3038",0.5
"3039",1
"3040",1
"3041",NA
"3042",0
"3043",1
"3044",NA
"3045",1
"3046",1
"3047",0.142857142857143
"3048",NA
"3049",NA
"3050",NA
"3051",NA
"3052",NA
"3053",0
"3054",0
"3055",NA
"3056",-1
"3057",NA
"3058",NA
"3059",1
"3060",NA
"3061",1
"3062",NA
"3063",NA
"3064",-1
"3065",NA
"3066",NA
"3067",NA
"3068",NA
"3069",NA
"3070",NA
"3071",0.333333333333333
"3072",NA
"3073",0
"3074",NA
"3075",NA
"3076",NA
"3077",-1
"3078",1
"3079",NA
"3080",NA
"3081",1
"3082",1
"3083",NA
"3084",NA
"3085",1
"3086",NA
"3087",NA
"3088",NA
"3089",1
"3090",1
"3091",NA
"3092",NA
"3093",0
"3094",NA
"3095",-1
"3096",NA
"3097",1
"3098",NA
"3099",NA
"3100",-1
"3101",NA
"3102",1
"3103",1
"3104",1
"3105",NA
"3106",NA
"3107",NA
"3108",NA
"3109",NA
"3110",NA
"3111",1
"3112",0.333333333333333
"3113",NA
"3114",0.5
"3115",NA
"3116",NA
"3117",NA
"3118",0.111111111111111
"3119",0
"3120",NA
"3121",NA
"3122",NA
"3123",1
"3124",NA
"3125",0
"3126",NA
"3127",NA
"3128",NA
"3129",0
"3130",NA
"3131",NA
"3132",NA
"3133",NA
"3134",NA
"3135",NA
"3136",-1
"3137",NA
"3138",NA
"3139",NA
"3140",NA
"3141",NA
"3142",NA
"3143",NA
"3144",0
"3145",NA
"3146",NA
"3147",NA
"3148",1
"3149",NA
"3150",NA
"3151",NA
"3152",NA
"3153",NA
"3154",-1
"3155",NA
"3156",NA
"3157",1
"3158",NA
"3159",NA
"3160",NA
"3161",NA
"3162",0.5
"3163",NA
"3164",-1
"3165",NA
"3166",1
"3167",-1
"3168",1
"3169",NA
"3170",1
"3171",NA
"3172",1
"3173",NA
"3174",NA
"3175",-1
"3176",NA
"3177",NA
"3178",1
"3179",NA
"3180",NA
"3181",NA
"3182",NA
"3183",NA
"3184",1
"3185",NA
"3186",1
"3187",1
"3188",NA
"3189",NA
"3190",NA
"3191",-1
"3192",NA
"3193",NA
"3194",NA
"3195",NA
"3196",NA
"3197",NA
"3198",1
"3199",NA
"3200",NA
"3201",NA
"3202",-1
"3203",NA
"3204",NA
"3205",1
"3206",NA
"3207",1
"3208",NA
"3209",1
"3210",NA
"3211",NA
"3212",NA
"3213",NA
"3214",1
"3215",NA
"3216",NA
"3217",0
"3218",NA
"3219",NA
"3220",NA
"3221",NA
"3222",1
"3223",1
"3224",-1
"3225",-1
"3226",1
"3227",NA
"3228",NA
"3229",NA
"3230",-1
"3231",NA
"3232",NA
"3233",1
"3234",NA
"3235",NA
"3236",NA
"3237",NA
"3238",-1
"3239",1
"3240",NA
"3241",NA
"3242",NA
"3243",NA
"3244",NA
"3245",NA
"3246",NA
"3247",1
"3248",NA
"3249",NA
"3250",-1
"3251",1
"3252",NA
"3253",NA
"3254",1
"3255",NA
"3256",NA
"3257",NA
"3258",NA
"3259",1
"3260",NA
"3261",NA
"3262",NA
"3263",NA
"3264",NA
"3265",1
"3266",NA
"3267",1
"3268",NA
"3269",NA
"3270",-0.333333333333333
"3271",NA
"3272",NA
"3273",1
"3274",NA
"3275",1
"3276",NA
"3277",NA
"3278",NA
"3279",NA
"3280",NA
"3281",NA
"3282",NA
"3283",NA
"3284",1
"3285",NA
"3286",1
"3287",NA
"3288",-1
"3289",-1
"3290",1
"3291",NA
"3292",NA
"3293",NA
"3294",NA
"3295",NA
"3296",0
"3297",NA
"3298",NA
"3299",0
"3300",NA
"3301",0
"3302",NA
"3303",0
"3304",NA
"3305",1
"3306",NA
"3307",NA
"3308",NA
"3309",NA
"3310",NA
"3311",NA
"3312",NA
"3313",NA
"3314",NA
"3315",NA
"3316",NA
"3317",0
"3318",NA
"3319",NA
"3320",1
"3321",NA
"3322",NA
"3323",1
"3324",NA
"3325",1
"3326",NA
"3327",1
"3328",1
"3329",NA
"3330",0
"3331",1
"3332",NA
"3333",NA
"3334",NA
"3335",NA
"3336",0.2
"3337",NA
"3338",0
"3339",0.2
"3340",0.333333333333333
"3341",NA
"3342",0.333333333333333
"3343",NA
"3344",NA
"3345",1
"3346",1
"3347",1
"3348",NA
"3349",0.666666666666667
"3350",0.111111111111111
"3351",NA
"3352",NA
"3353",1
"3354",1
"3355",0.8
"3356",1
"3357",NA
"3358",1
"3359",NA
"3360",-0.5
"3361",1
"3362",0.555555555555556
"3363",1
"3364",NA
"3365",0.333333333333333
"3366",NA
"3367",0.111111111111111
"3368",0.25
"3369",NA
"3370",0.333333333333333
"3371",NA
"3372",0
"3373",0.5
"3374",-1
"3375",NA
"3376",0.333333333333333
"3377",NA
"3378",1
"3379",-0.333333333333333
"3380",NA
"3381",NA
"3382",NA
"3383",NA
"3384",NA
"3385",NA
"3386",NA
"3387",0
"3388",NA
"3389",NA
"3390",NA
"3391",NA
"3392",NA
"3393",NA
"3394",NA
"3395",NA
"3396",NA
"3397",NA
"3398",NA
"3399",NA
"3400",NA
"3401",NA
"3402",NA
"3403",NA
"3404",NA
"3405",NA
"3406",NA
"3407",NA
"3408",1
"3409",NA
"3410",1
"3411",NA
"3412",1
"3413",NA
"3414",1
"3415",NA
"3416",NA
"3417",NA
"3418",NA
"3419",NA
"3420",NA
"3421",NA
"3422",1
"3423",NA
"3424",-1
"3425",NA
"3426",NA
"3427",0
"3428",NA
"3429",0.333333333333333
"3430",NA
"3431",NA
"3432",NA
"3433",NA
"3434",NA
"3435",NA
"3436",NA
"3437",NA
"3438",0.2
"3439",NA
"3440",NA
"3441",NA
"3442",NA
"3443",NA
"3444",-1
"3445",-1
"3446",NA
"3447",NA
"3448",0
"3449",NA
"3450",1
"3451",-1
"3452",1
"3453",NA
"3454",-1
"3455",NA
"3456",-0.333333333333333
"3457",-1
"3458",NA
"3459",NA
"3460",NA
"3461",-1
"3462",NA
"3463",NA
"3464",NA
"3465",NA
"3466",1
"3467",NA
"3468",1
"3469",NA
"3470",1
"3471",NA
"3472",0
"3473",-0.333333333333333
"3474",-1
"3475",NA
"3476",NA
"3477",NA
"3478",NA
"3479",NA
"3480",NA
"3481",NA
"3482",NA
"3483",NA
"3484",NA
"3485",-1
"3486",NA
"3487",NA
"3488",NA
"3489",1
"3490",1
"3491",NA
"3492",1
"3493",1
"3494",NA
"3495",1
"3496",1
"3497",NA
"3498",NA
"3499",1
"3500",1
"3501",NA
"3502",NA
"3503",1
"3504",NA
"3505",1
"3506",NA
"3507",NA
"3508",1
"3509",1
"3510",1
"3511",NA
"3512",-1
"3513",-1
"3514",NA
"3515",NA
"3516",NA
"3517",NA
"3518",1
"3519",NA
"3520",NA
"3521",NA
"3522",NA
"3523",NA
"3524",NA
"3525",NA
"3526",NA
"3527",NA
"3528",NA
"3529",NA
"3530",NA
"3531",NA
"3532",NA
"3533",NA
"3534",NA
"3535",NA
"3536",NA
"3537",NA
"3538",1
"3539",1
"3540",1
"3541",NA
"3542",NA
"3543",NA
"3544",1
"3545",NA
"3546",NA
"3547",NA
"3548",NA
"3549",NA
"3550",NA
"3551",1
"3552",NA
"3553",NA
"3554",NA
"3555",NA
"3556",NA
"3557",NA
"3558",NA
"3559",NA
"3560",NA
"3561",1
"3562",NA
"3563",NA
"3564",NA
"3565",1
"3566",NA
"3567",1
"3568",NA
"3569",1
"3570",NA
"3571",NA
"3572",NA
"3573",NA
"3574",NA
"3575",NA
"3576",NA
"3577",NA
"3578",NA
"3579",-1
"3580",NA
"3581",NA
"3582",0
"3583",0.333333333333333
"3584",NA
"3585",NA
"3586",0.333333333333333
"3587",NA
"3588",NA
"3589",NA
"3590",-1
"3591",NA
"3592",NA
"3593",1
"3594",NA
"3595",NA
"3596",0
"3597",1
"3598",NA
"3599",NA
"3600",1
"3601",NA
"3602",NA
"3603",NA
"3604",1
"3605",0
"3606",NA
"3607",NA
"3608",1
"3609",NA
"3610",NA
"3611",NA
"3612",NA
"3613",NA
"3614",NA
"3615",NA
"3616",NA
"3617",0.6
"3618",0.6
"3619",NA
"3620",0.6
"3621",1
"3622",0.6
"3623",NA
"3624",1
"3625",1
"3626",NA
"3627",1
"3628",NA
"3629",0
"3630",NA
"3631",NA
"3632",NA
"3633",NA
"3634",NA
"3635",NA
"3636",NA
"3637",NA
"3638",NA
"3639",NA
"3640",NA
"3641",0.333333333333333
"3642",NA
"3643",0.333333333333333
"3644",NA
"3645",1
"3646",NA
"3647",NA
"3648",NA
"3649",1
"3650",1
"3651",-1
"3652",-1
"3653",-1
"3654",NA
"3655",-1
"3656",-1
"3657",-1
"3658",NA
"3659",NA
"3660",NA
"3661",NA
"3662",NA
"3663",NA
"3664",NA
"3665",NA
"3666",NA
"3667",NA
"3668",NA
"3669",NA
"3670",NA
"3671",NA
"3672",NA
"3673",NA
"3674",NA
"3675",NA
"3676",NA
"3677",NA
"3678",NA
"3679",NA
"3680",NA
"3681",NA
"3682",NA
"3683",NA
"3684",NA
"3685",NA
"3686",1
"3687",NA
"3688",NA
"3689",NA
"3690",NA
"3691",NA
"3692",NA
"3693",NA
"3694",NA
"3695",NA
"3696",NA
"3697",NA
"3698",NA
"3699",NA
"3700",NA
"3701",NA
"3702",-1
"3703",-1
"3704",NA
"3705",NA
"3706",NA
"3707",NA
"3708",NA
"3709",NA
"3710",NA
"3711",NA
"3712",1
"3713",-1
"3714",1
"3715",NA
"3716",NA
"3717",1
"3718",NA
"3719",NA
"3720",NA
"3721",NA
"3722",NA
"3723",NA
"3724",NA
"3725",0
"3726",NA
"3727",NA
"3728",NA
"3729",NA
"3730",NA
"3731",NA
"3732",NA
"3733",NA
"3734",NA
"3735",NA
"3736",NA
"3737",1
"3738",NA
"3739",1
"3740",NA
"3741",NA
"3742",NA
"3743",NA
"3744",NA
"3745",NA
"3746",NA
"3747",NA
"3748",NA
"3749",1
"3750",-1
"3751",NA
"3752",1
"3753",NA
"3754",-1
"3755",1
"3756",NA
"3757",NA
"3758",1
"3759",1
"3760",1
"3761",1
"3762",1
"3763",1
"3764",0.333333333333333
"3765",NA
"3766",0.5
"3767",NA
"3768",1
"3769",NA
"3770",NA
"3771",NA
"3772",1
"3773",NA
"3774",1
"3775",-1
"3776",1
"3777",0
"3778",NA
"3779",0.5
"3780",0.5
"3781",1
"3782",-0.333333333333333
"3783",NA
"3784",NA
"3785",1
"3786",0
"3787",-1
"3788",NA
"3789",-0.333333333333333
"3790",-0.333333333333333
"3791",NA
"3792",NA
"3793",NA
"3794",NA
"3795",NA
"3796",NA
"3797",NA
"3798",NA
"3799",1
"3800",NA
"3801",NA
"3802",0.333333333333333
"3803",1
"3804",NA
"3805",NA
"3806",NA
"3807",1
"3808",1
"3809",NA
"3810",NA
"3811",NA
"3812",NA
"3813",NA
"3814",NA
"3815",NA
"3816",1
"3817",NA
"3818",1
"3819",1
"3820",NA
"3821",NA
"3822",1
"3823",NA
"3824",1
"3825",NA
"3826",1
"3827",NA
"3828",NA
"3829",1
"3830",NA
"3831",NA
"3832",0
"3833",NA
"3834",NA
"3835",1
"3836",0.333333333333333
"3837",NA
"3838",1
"3839",1
"3840",NA
"3841",NA
"3842",1
"3843",1
"3844",NA
"3845",1
"3846",-1
"3847",-1
"3848",1
"3849",-1
"3850",0
"3851",NA
"3852",NA
"3853",0
"3854",0
"3855",NA
"3856",NA
"3857",NA
"3858",NA
"3859",NA
"3860",NA
"3861",NA
"3862",NA
"3863",NA
"3864",NA
"3865",1
"3866",NA
"3867",NA
"3868",NA
"3869",0.666666666666667
"3870",NA
"3871",1
"3872",1
"3873",1
"3874",1
"3875",1
"3876",1
"3877",1
"3878",0.5
"3879",0.538461538461538
"3880",0
"3881",1
"3882",NA
"3883",NA
"3884",-1
"3885",-1
"3886",NA
"3887",-1
"3888",NA
"3889",NA
"3890",NA
"3891",0
"3892",NA
"3893",-1
"3894",NA
"3895",NA
"3896",NA
"3897",NA
"3898",NA
"3899",NA
"3900",1
"3901",NA
"3902",NA
"3903",NA
"3904",1
"3905",NA
"3906",0.466666666666667
"3907",NA
"3908",1
"3909",0.75
"3910",NA
"3911",0.714285714285714
"3912",NA
"3913",NA
"3914",1
"3915",NA
"3916",NA
"3917",1
"3918",NA
"3919",1
"3920",NA
"3921",1
"3922",NA
"3923",NA
"3924",NA
"3925",1
"3926",NA
"3927",NA
"3928",NA
"3929",NA
"3930",0
"3931",NA
"3932",NA
"3933",-1
"3934",NA
"3935",1
"3936",NA
"3937",0.6
"3938",NA
"3939",1
"3940",1
"3941",NA
"3942",NA
"3943",NA
"3944",0.75
"3945",0
"3946",1
"3947",NA
"3948",1
"3949",1
"3950",NA
"3951",1
"3952",NA
"3953",NA
"3954",NA
"3955",0
"3956",NA
"3957",NA
"3958",NA
"3959",1
"3960",NA
"3961",NA
"3962",-1
"3963",0
"3964",NA
"3965",-1
"3966",NA
"3967",0
"3968",NA
"3969",NA
"3970",-1
"3971",1
"3972",NA
"3973",0.666666666666667
"3974",NA
"3975",1
"3976",NA
"3977",0.333333333333333
"3978",NA
"3979",0
"3980",NA
"3981",NA
"3982",NA
"3983",NA
"3984",NA
"3985",-0.5
"3986",NA
"3987",NA
"3988",NA
"3989",-1
"3990",1
"3991",NA
"3992",NA
"3993",1
"3994",NA
"3995",NA
"3996",NA
"3997",NA
"3998",-1
"3999",NA
"4000",NA
"4001",-0.333333333333333
"4002",NA
"4003",1
"4004",0
"4005",NA
"4006",NA
"4007",NA
"4008",1
"4009",NA
"4010",NA
"4011",0
"4012",-1
"4013",0.5
"4014",NA
"4015",-1
"4016",NA
"4017",NA
"4018",NA
"4019",1
"4020",1
"4021",-1
"4022",NA
"4023",NA
"4024",NA
"4025",NA
"4026",NA
"4027",NA
"4028",1
"4029",NA
"4030",NA
"4031",NA
"4032",NA
"4033",NA
"4034",NA
"4035",NA
"4036",NA
"4037",NA
"4038",NA
"4039",NA
"4040",NA
"4041",NA
"4042",NA
"4043",NA
"4044",NA
"4045",NA
"4046",1
"4047",NA
"4048",NA
"4049",NA
"4050",NA
"4051",NA
"4052",NA
"4053",1
"4054",1
"4055",1
"4056",NA
"4057",NA
"4058",NA
"4059",NA
"4060",NA
"4061",NA
"4062",NA
"4063",NA
"4064",NA
"4065",NA
"4066",-0.333333333333333
"4067",-0.333333333333333
"4068",NA
"4069",NA
"4070",NA
"4071",NA
"4072",NA
"4073",NA
"4074",NA
"4075",NA
"4076",NA
"4077",NA
"4078",NA
"4079",NA
"4080",NA
"4081",NA
"4082",NA
"4083",NA
"4084",NA
"4085",NA
"4086",NA
"4087",NA
"4088",NA
"4089",NA
"4090",NA
"4091",NA
"4092",NA
"4093",NA
"4094",NA
"4095",NA
"4096",NA
"4097",NA
"4098",NA
"4099",NA
"4100",NA
"4101",NA
"4102",NA
"4103",NA
"4104",NA
"4105",NA
"4106",NA
"4107",NA
"4108",NA
"4109",NA
"4110",NA
"4111",NA
"4112",NA
"4113",NA
"4114",NA
"4115",NA
"4116",NA
"4117",NA
"4118",NA
"4119",NA
"4120",NA
"4121",NA
"4122",NA
"4123",NA
"4124",NA
"4125",NA
"4126",NA
"4127",NA
"4128",1
"4129",NA
"4130",1
"4131",NA
"4132",NA
"4133",NA
"4134",NA
"4135",NA
"4136",NA
"4137",NA
"4138",1
"4139",NA
"4140",NA
"4141",-1
"4142",NA
"4143",NA
"4144",NA
"4145",NA
"4146",NA
"4147",NA
"4148",NA
"4149",NA
"4150",NA
"4151",NA
"4152",1
"4153",NA
"4154",NA
"4155",NA
"4156",NA
"4157",-1
"4158",NA
"4159",NA
"4160",NA
"4161",NA
"4162",NA
"4163",NA
"4164",NA
"4165",NA
"4166",NA
"4167",NA
"4168",NA
"4169",NA
"4170",NA
"4171",NA
"4172",NA
"4173",NA
"4174",NA
"4175",1
"4176",NA
"4177",NA
"4178",0.5
"4179",0.2
"4180",NA
"4181",NA
"4182",0.333333333333333
"4183",NA
"4184",1
"4185",1
"4186",0.6
"4187",1
"4188",0
"4189",NA
"4190",NA
"4191",1
"4192",NA
"4193",NA
"4194",0.714285714285714
"4195",1
"4196",NA
"4197",1
"4198",1
"4199",NA
"4200",NA
"4201",NA
"4202",0.6
"4203",NA
"4204",1
"4205",1
"4206",NA
"4207",0.333333333333333
"4208",1
"4209",0
"4210",0.5
"4211",1
"4212",0.333333333333333
"4213",0.6
"4214",0.714285714285714
"4215",0.714285714285714
"4216",1
"4217",NA
"4218",1
"4219",1
"4220",1
"4221",1
"4222",1
"4223",1
"4224",1
"4225",0.333333333333333
"4226",0
"4227",-1
"4228",NA
"4229",NA
"4230",1
"4231",-0.333333333333333
"4232",1
"4233",NA
"4234",1
"4235",1
"4236",NA
"4237",NA
"4238",NA
"4239",NA
"4240",NA
"4241",1
"4242",NA
"4243",NA
"4244",1
"4245",NA
"4246",NA
"4247",1
"4248",NA
"4249",1
"4250",NA
"4251",NA
"4252",NA
"4253",NA
"4254",NA
"4255",NA
"4256",NA
"4257",NA
"4258",NA
"4259",NA
"4260",-1
"4261",NA
"4262",NA
"4263",NA
"4264",NA
"4265",NA
"4266",NA
"4267",NA
"4268",1
"4269",NA
"4270",NA
"4271",NA
"4272",NA
"4273",NA
"4274",1
"4275",NA
"4276",NA
"4277",NA
"4278",NA
"4279",NA
"4280",NA
"4281",NA
"4282",1
"4283",NA
"4284",NA
"4285",NA
"4286",NA
"4287",-1
"4288",NA
"4289",NA
"4290",NA
"4291",1
"4292",NA
"4293",NA
"4294",NA
"4295",NA
"4296",NA
"4297",NA
"4298",NA
"4299",NA
"4300",NA
"4301",NA
"4302",NA
"4303",NA
"4304",1
"4305",NA
"4306",1
"4307",1
"4308",1
"4309",NA
"4310",NA
"4311",NA
"4312",NA
"4313",NA
"4314",1
"4315",NA
"4316",1
"4317",1
"4318",NA
"4319",NA
"4320",1
"4321",NA
"4322",NA
"4323",NA
"4324",1
"4325",NA
"4326",NA
"4327",NA
"4328",1
"4329",NA
"4330",NA
"4331",NA
"4332",1
"4333",NA
"4334",NA
"4335",NA
"4336",-1
"4337",NA
"4338",NA
"4339",NA
"4340",NA
"4341",NA
"4342",-1
"4343",-1
"4344",NA
"4345",NA
"4346",NA
"4347",NA
"4348",NA
"4349",NA
"4350",NA
"4351",NA
"4352",0.5
"4353",0.333333333333333
"4354",1
"4355",NA
"4356",0
"4357",1
"4358",NA
"4359",-0.333333333333333
"4360",-1
"4361",NA
"4362",NA
"4363",NA
"4364",1
"4365",1
"4366",1
"4367",NA
"4368",1
"4369",NA
"4370",NA
"4371",NA
"4372",1
"4373",NA
"4374",NA
"4375",NA
"4376",NA
"4377",NA
"4378",NA
"4379",NA
"4380",NA
"4381",NA
"4382",NA
"4383",NA
"4384",NA
"4385",NA
"4386",NA
"4387",1
"4388",0
"4389",0
"4390",0.333333333333333
"4391",-1
"4392",NA
"4393",-0.333333333333333
"4394",-0.333333333333333
"4395",-1
"4396",NA
"4397",-0.333333333333333
"4398",0
"4399",0
"4400",1
"4401",NA
"4402",NA
"4403",NA
"4404",-1
"4405",NA
"4406",NA
"4407",NA
"4408",NA
"4409",NA
"4410",NA
"4411",NA
"4412",NA
"4413",NA
"4414",NA
"4415",NA
"4416",NA
"4417",NA
"4418",-0.333333333333333
"4419",-0.333333333333333
"4420",NA
"4421",-1
"4422",1
"4423",NA
"4424",-1
"4425",NA
"4426",1
"4427",NA
"4428",NA
"4429",NA
"4430",NA
"4431",NA
"4432",0.6
"4433",0.6
"4434",NA
"4435",1
"4436",NA
"4437",NA
"4438",NA
"4439",NA
"4440",-1
"4441",0.6
"4442",NA
"4443",NA
"4444",NA
"4445",NA
"4446",NA
"4447",NA
"4448",NA
"4449",NA
"4450",NA
"4451",NA
"4452",NA
"4453",1
"4454",1
"4455",NA
"4456",-1
"4457",NA
"4458",NA
"4459",-1
"4460",-1
"4461",-1
"4462",-1
"4463",NA
"4464",NA
"4465",NA
"4466",NA
"4467",NA
"4468",-1
"4469",NA
"4470",1
"4471",NA
"4472",NA
"4473",NA
"4474",NA
"4475",NA
"4476",NA
"4477",NA
"4478",NA
"4479",NA
"4480",NA
"4481",NA
"4482",NA
"4483",NA
"4484",NA
"4485",NA
"4486",-1
"4487",NA
"4488",1
"4489",NA
"4490",1
"4491",NA
"4492",NA
"4493",0
"4494",NA
"4495",1
"4496",NA
"4497",1
"4498",NA
"4499",NA
"4500",NA
"4501",-1
"4502",1
"4503",NA
"4504",-1
"4505",NA
"4506",-0.333333333333333
"4507",NA
"4508",NA
"4509",NA
"4510",1
"4511",1
"4512",NA
"4513",1
"4514",1
"4515",1
"4516",NA
"4517",1
"4518",NA
"4519",NA
"4520",0.333333333333333
"4521",0.75
"4522",NA
"4523",NA
"4524",1
"4525",1
"4526",1
"4527",1
"4528",1
"4529",NA
"4530",NA
"4531",1
"4532",NA
"4533",1
"4534",1
"4535",1
"4536",1
"4537",NA
"4538",1
"4539",1
"4540",NA
"4541",1
"4542",-1
"4543",1
"4544",1
"4545",0.6
"4546",1
"4547",NA
"4548",1
"4549",NA
"4550",NA
"4551",NA
"4552",1
"4553",NA
"4554",NA
"4555",NA
"4556",NA
"4557",NA
"4558",NA
"4559",NA
"4560",1
"4561",NA
"4562",NA
"4563",NA
"4564",0.75
"4565",0.333333333333333
"4566",0.6
"4567",0.666666666666667
"4568",0.6
"4569",NA
"4570",NA
"4571",NA
"4572",0.333333333333333
"4573",0
"4574",-0.333333333333333
"4575",NA
"4576",0
"4577",NA
"4578",NA
"4579",NA
"4580",1
"4581",NA
"4582",1
"4583",NA
"4584",NA
"4585",NA
"4586",0.333333333333333
"4587",NA
"4588",0
"4589",1
"4590",NA
"4591",NA
"4592",1
"4593",NA
"4594",NA
"4595",1
"4596",NA
"4597",NA
"4598",1
"4599",NA
"4600",1
"4601",1
"4602",NA
"4603",NA
"4604",1
"4605",1
"4606",NA
"4607",NA
"4608",1
"4609",1
"4610",1
"4611",NA
"4612",NA
"4613",NA
"4614",NA
"4615",1
"4616",0.777777777777778
"4617",NA
"4618",NA
"4619",NA
"4620",0.8
"4621",NA
"4622",1
"4623",NA
"4624",-1
"4625",NA
"4626",-0.6
"4627",0.75
"4628",-1
"4629",1
"4630",1
"4631",NA
"4632",NA
"4633",NA
"4634",NA
"4635",1
"4636",1
"4637",NA
"4638",1
"4639",1
"4640",1
"4641",0.5
"4642",1
"4643",NA
"4644",-1
"4645",0.8
"4646",1
"4647",1
"4648",0.5
"4649",NA
"4650",NA
"4651",NA
"4652",0
"4653",1
"4654",NA
"4655",1
"4656",-0.2
"4657",-0.333333333333333
"4658",-0.6
"4659",-0.6
"4660",NA
"4661",-0.6
"4662",NA
"4663",-0.428571428571429
"4664",NA
"4665",NA
"4666",NA
"4667",NA
"4668",NA
"4669",NA
"4670",0.333333333333333
"4671",0.333333333333333
"4672",1
"4673",1
"4674",1
"4675",1
"4676",1
"4677",NA
"4678",0.714285714285714
"4679",0.714285714285714
"4680",0.666666666666667
"4681",NA
"4682",1
"4683",NA
"4684",NA
"4685",NA
"4686",0.75
"4687",NA
"4688",-1
"4689",1
"4690",NA
"4691",1
"4692",-1
"4693",NA
"4694",NA
"4695",1
"4696",1
"4697",1
"4698",1
"4699",1
"4700",NA
"4701",0
"4702",NA
"4703",NA
"4704",NA
"4705",NA
"4706",NA
"4707",0.142857142857143
"4708",0.25
"4709",-0.2
"4710",NA
"4711",0
"4712",NA
"4713",NA
"4714",-1
"4715",NA
"4716",NA
"4717",NA
"4718",NA
"4719",NA
"4720",1
"4721",-1
"4722",NA
"4723",1
"4724",1
"4725",NA
"4726",NA
"4727",1
"4728",NA
"4729",1
"4730",1
"4731",1
"4732",NA
"4733",1
"4734",1
"4735",NA
"4736",0.333333333333333
"4737",NA
"4738",NA
"4739",1
"4740",NA
"4741",1
"4742",1
"4743",1
"4744",NA
"4745",1
"4746",1
"4747",1
"4748",0.2
"4749",-1
"4750",0.333333333333333
"4751",NA
"4752",0
"4753",NA
"4754",0.2
"4755",-1
"4756",-1
"4757",-1
"4758",-1
"4759",NA
"4760",NA
"4761",NA
"4762",NA
"4763",NA
"4764",-0.6
"4765",1
"4766",1
"4767",NA
"4768",NA
"4769",NA
"4770",NA
"4771",NA
"4772",NA
"4773",NA
"4774",NA
"4775",NA
"4776",NA
"4777",NA
"4778",NA
"4779",NA
"4780",NA
"4781",NA
"4782",NA
"4783",NA
"4784",NA
"4785",NA
"4786",NA
"4787",NA
"4788",NA
"4789",NA
"4790",NA
"4791",NA
"4792",NA
"4793",NA
"4794",NA
"4795",NA
"4796",1
"4797",NA
"4798",NA
"4799",NA
"4800",NA
"4801",NA
"4802",NA
"4803",NA
"4804",NA
"4805",NA
"4806",NA
"4807",NA
"4808",NA
"4809",NA
"4810",NA
"4811",NA
"4812",NA
"4813",NA
"4814",NA
"4815",NA
"4816",NA
"4817",NA
"4818",NA
"4819",1
"4820",NA
"4821",NA
"4822",NA
"4823",NA
"4824",NA
"4825",NA
"4826",NA
"4827",NA
"4828",NA
"4829",NA
"4830",NA
"4831",NA
"4832",NA
"4833",NA
"4834",NA
"4835",NA
"4836",NA
"4837",NA
"4838",NA
"4839",1
"4840",1
"4841",NA
"4842",NA
"4843",NA
"4844",NA
"4845",NA
"4846",NA
"4847",NA
"4848",NA
"4849",NA
"4850",NA
"4851",NA
"4852",NA
"4853",NA
"4854",NA
"4855",NA
"4856",NA
"4857",NA
"4858",NA
"4859",NA
"4860",NA
"4861",1
"4862",NA
"4863",NA
"4864",NA
"4865",1
"4866",NA
"4867",NA
"4868",NA
"4869",NA
"4870",NA
"4871",NA
"4872",1
"4873",1
"4874",NA
"4875",NA
"4876",NA
"4877",NA
"4878",NA
"4879",NA
"4880",NA
"4881",NA
"4882",NA
"4883",NA
"4884",NA
"4885",NA
"4886",NA
"4887",NA
"4888",1
"4889",0
"4890",NA
"4891",NA
"4892",NA
"4893",NA
"4894",NA
"4895",NA
"4896",1
"4897",NA
"4898",NA
"4899",NA
"4900",NA
"4901",NA
"4902",-1
"4903",-1
"4904",-1
"4905",NA
"4906",NA
"4907",NA
"4908",NA
"4909",NA
"4910",NA
"4911",NA
"4912",NA
"4913",NA
"4914",NA
"4915",NA
"4916",NA
"4917",NA
"4918",NA
"4919",NA
"4920",-1
"4921",NA
"4922",-1
"4923",NA
"4924",NA
"4925",-1
"4926",NA
"4927",NA
"4928",NA
"4929",NA
"4930",-1
"4931",-1
"4932",-1
"4933",-1
"4934",1
"4935",NA
"4936",0
"4937",1
"4938",0
"4939",NA
"4940",NA
"4941",NA
"4942",0
"4943",NA
"4944",NA
"4945",NA
"4946",NA
"4947",NA
"4948",NA
"4949",NA
"4950",NA
"4951",NA
"4952",NA
"4953",NA
"4954",NA
"4955",NA
"4956",1
"4957",1
"4958",NA
"4959",NA
"4960",-1
"4961",0
"4962",NA
"4963",0
"4964",NA
"4965",NA
"4966",0
"4967",1
"4968",NA
"4969",NA
"4970",NA
"4971",NA
"4972",NA
"4973",0.333333333333333
"4974",NA
"4975",1
"4976",NA
"4977",NA
"4978",NA
"4979",NA
"4980",NA
"4981",NA
"4982",NA
"4983",NA
"4984",NA
"4985",NA
"4986",NA
"4987",NA
"4988",NA
"4989",NA
"4990",1
"4991",NA
"4992",-1
"4993",NA
"4994",NA
"4995",NA
"4996",NA
"4997",NA
"4998",NA
"4999",-1
"5000",NA
"5001",NA
"5002",-1
"5003",-1
"5004",-1
"5005",-1
"5006",NA
"5007",NA
"5008",NA
"5009",NA
"5010",NA
"5011",NA
"5012",NA
"5013",NA
"5014",NA
"5015",NA
"5016",NA
"5017",NA
"5018",NA
"5019",1
"5020",NA
"5021",NA
"5022",NA
"5023",NA
"5024",NA
"5025",1
"5026",NA
"5027",NA
"5028",NA
"5029",NA
"5030",NA
"5031",NA
"5032",NA
"5033",NA
"5034",NA
"5035",NA
"5036",NA
"5037",-1
"5038",NA
"5039",NA
"5040",NA
"5041",NA
"5042",NA
"5043",NA
"5044",NA
"5045",NA
"5046",NA
"5047",NA
"5048",NA
"5049",NA
"5050",0.333333333333333
"5051",NA
"5052",NA
"5053",0.5
"5054",NA
"5055",NA
"5056",-1
"5057",0.666666666666667
"5058",0
"5059",NA
"5060",0
"5061",0
"5062",1
"5063",NA
"5064",0.333333333333333
"5065",NA
"5066",0.666666666666667
"5067",-1
"5068",NA
"5069",1
"5070",NA
"5071",NA
"5072",NA
"5073",1
"5074",NA
"5075",NA
"5076",1
"5077",1
"5078",NA
"5079",NA
"5080",1
"5081",NA
"5082",NA
"5083",NA
"5084",1
"5085",NA
"5086",1
"5087",NA
"5088",NA
"5089",1
"5090",1
"5091",1
"5092",1
"5093",0.333333333333333
"5094",0.333333333333333
"5095",1
"5096",1
"5097",NA
"5098",NA
"5099",NA
"5100",NA
"5101",NA
"5102",NA
"5103",NA
"5104",NA
"5105",1
"5106",1
"5107",NA
"5108",NA
"5109",0
"5110",NA
"5111",1
"5112",-1
"5113",1
"5114",NA
"5115",NA
"5116",NA
"5117",NA
"5118",NA
"5119",NA
"5120",NA
"5121",NA
"5122",NA
"5123",-1
"5124",NA
"5125",NA
"5126",NA
"5127",NA
"5128",-0.333333333333333
"5129",-1
"5130",0
"5131",0.2
"5132",0.2
"5133",0.333333333333333
"5134",0
"5135",NA
"5136",1
"5137",-0.6
"5138",NA
"5139",NA
"5140",-0.5
"5141",NA
"5142",NA
"5143",NA
"5144",1
"5145",1
"5146",NA
"5147",1
"5148",NA
"5149",1
"5150",NA
"5151",NA
"5152",-1
"5153",-1
"5154",NA
"5155",-1
"5156",1
"5157",1
"5158",NA
"5159",1
"5160",NA
"5161",NA
"5162",1
"5163",1
"5164",NA
"5165",1
"5166",1
"5167",0.333333333333333
"5168",0
"5169",NA
"5170",0.333333333333333
"5171",NA
"5172",1
"5173",-0.5
"5174",0
"5175",0
"5176",0
"5177",NA
"5178",0
"5179",NA
"5180",NA
"5181",NA
"5182",0
"5183",NA
"5184",-1
"5185",0
"5186",-0.2
"5187",0
"5188",0
"5189",-1
"5190",-1
"5191",1
"5192",NA
"5193",NA
"5194",NA
"5195",-1
"5196",NA
"5197",NA
"5198",NA
"5199",0.428571428571429
"5200",0.333333333333333
"5201",0.2
"5202",0.6
"5203",0.666666666666667
"5204",NA
"5205",0.6
"5206",NA
"5207",0.6
"5208",1
"5209",1
"5210",NA
"5211",NA
"5212",NA
"5213",NA
"5214",NA
"5215",NA
"5216",NA
"5217",NA
"5218",NA
"5219",NA
"5220",NA
"5221",NA
"5222",NA
"5223",NA
"5224",NA
"5225",NA
"5226",NA
"5227",NA
"5228",NA
"5229",NA
"5230",NA
"5231",NA
"5232",1
"5233",1
"5234",NA
"5235",NA
"5236",0.333333333333333
"5237",0
"5238",0
"5239",0
"5240",0
"5241",NA
"5242",NA
"5243",0
"5244",0.2
"5245",NA
"5246",0.2
"5247",NA
"5248",-0.333333333333333
"5249",0.2
"5250",1
"5251",NA
"5252",0.5
"5253",1
"5254",NA
"5255",NA
"5256",NA
"5257",-0.333333333333333
"5258",NA
"5259",NA
"5260",1
"5261",1
"5262",1
"5263",NA
"5264",1
"5265",NA
"5266",-0.333333333333333
"5267",NA
"5268",NA
"5269",NA
"5270",1
"5271",1
"5272",1
"5273",0
"5274",0
"5275",NA
"5276",NA
"5277",NA
"5278",-1
"5279",NA
"5280",0
"5281",NA
"5282",0
"5283",1
"5284",NA
"5285",NA
"5286",1
"5287",1
"5288",NA
"5289",NA
"5290",0
"5291",NA
"5292",1
"5293",1
"5294",NA
"5295",NA
"5296",1
"5297",1
"5298",1
"5299",1
"5300",1
"5301",NA
"5302",1
"5303",1
"5304",NA
"5305",-1
"5306",-1
"5307",-1
"5308",-1
"5309",-1
"5310",-1
"5311",-1
"5312",NA
"5313",NA
"5314",-1
"5315",NA
"5316",NA
"5317",NA
"5318",NA
"5319",0
"5320",NA
"5321",NA
"5322",NA
"5323",NA
"5324",NA
"5325",NA
"5326",0
"5327",-1
"5328",NA
"5329",-1
"5330",NA
"5331",NA
"5332",NA
"5333",0
"5334",0
"5335",0
"5336",NA
"5337",0
"5338",NA
"5339",NA
"5340",0.333333333333333
"5341",NA
"5342",NA
"5343",NA
"5344",NA
"5345",NA
"5346",NA
"5347",1
"5348",1
"5349",NA
"5350",NA
"5351",NA
"5352",NA
"5353",NA
"5354",NA
"5355",NA
"5356",NA
"5357",0.333333333333333
"5358",0.333333333333333
"5359",NA
"5360",0.333333333333333
"5361",1
"5362",0.333333333333333
"5363",NA
"5364",NA
"5365",NA
"5366",0.333333333333333
"5367",NA
"5368",1
"5369",NA
"5370",-1
"5371",NA
"5372",NA
"5373",1
"5374",1
"5375",1
"5376",1
"5377",NA
"5378",1
"5379",1
"5380",1
"5381",1
"5382",1
"5383",1
"5384",NA
"5385",0
"5386",0
"5387",-1
"5388",0
"5389",NA
"5390",NA
"5391",0
"5392",NA
"5393",-1
"5394",-1
"5395",0
"5396",0
"5397",NA
"5398",0
"5399",-1
"5400",NA
"5401",NA
"5402",NA
"5403",1
"5404",1
"5405",NA
"5406",NA
"5407",1
"5408",1
"5409",NA
"5410",1
"5411",NA
"5412",1
"5413",1
"5414",NA
"5415",1
"5416",1
"5417",NA
"5418",1
"5419",NA
"5420",NA
"5421",1
"5422",NA
"5423",1
"5424",NA
"5425",1
"5426",1
"5427",1
"5428",NA
"5429",1
"5430",1
"5431",1
"5432",NA
"5433",NA
"5434",NA
"5435",NA
"5436",1
"5437",NA
"5438",NA
"5439",1
"5440",1
"5441",1
"5442",1
"5443",NA
"5444",NA
"5445",0
"5446",NA
"5447",NA
"5448",-1
"5449",NA
"5450",1
"5451",1
"5452",NA
"5453",NA
"5454",NA
"5455",0
"5456",NA
"5457",NA
"5458",1
"5459",NA
"5460",NA
"5461",NA
"5462",1
"5463",NA
"5464",-1
"5465",NA
"5466",NA
"5467",NA
"5468",NA
"5469",1
"5470",NA
"5471",NA
"5472",NA
"5473",NA
"5474",NA
"5475",NA
"5476",NA
"5477",NA
"5478",NA
"5479",NA
"5480",NA
"5481",NA
"5482",1
"5483",NA
"5484",NA
"5485",NA
"5486",NA
"5487",NA
"5488",NA
"5489",NA
"5490",NA
"5491",NA
"5492",NA
"5493",NA
"5494",NA
"5495",-1
"5496",NA
"5497",NA
"5498",0.666666666666667
"5499",1
"5500",1
"5501",1
"5502",NA
"5503",NA
"5504",1
"5505",1
"5506",NA
"5507",NA
"5508",1
"5509",NA
"5510",NA
"5511",NA
"5512",NA
"5513",1
"5514",NA
"5515",NA
"5516",NA
"5517",-1
"5518",NA
"5519",NA
"5520",NA
"5521",NA
"5522",NA
"5523",NA
"5524",NA
"5525",NA
"5526",NA
"5527",NA
"5528",NA
"5529",NA
"5530",NA
"5531",NA
"5532",NA
"5533",NA
"5534",NA
"5535",NA
"5536",NA
"5537",NA
"5538",NA
"5539",NA
"5540",1
"5541",NA
"5542",1
"5543",NA
"5544",NA
"5545",1
"5546",NA
"5547",NA
"5548",1
"5549",NA
"5550",NA
"5551",1
"5552",NA
"5553",NA
"5554",NA
"5555",NA
"5556",-1
"5557",-1
"5558",NA
"5559",NA
"5560",NA
"5561",NA
"5562",NA
"5563",NA
"5564",NA
"5565",NA
"5566",NA
"5567",NA
"5568",-1
"5569",NA
"5570",-1
"5571",NA
"5572",NA
"5573",NA
"5574",NA
"5575",NA
"5576",NA
"5577",NA
"5578",1
"5579",NA
"5580",1
"5581",NA
"5582",NA
"5583",NA
"5584",NA
"5585",1
"5586",NA
"5587",NA
"5588",NA
"5589",1
"5590",NA
"5591",NA
"5592",1
"5593",NA
"5594",NA
"5595",NA
"5596",1
"5597",1
"5598",NA
"5599",NA
"5600",NA
"5601",NA
"5602",NA
"5603",1
"5604",NA
"5605",NA
"5606",1
"5607",1
"5608",NA
"5609",1
"5610",1
"5611",NA
"5612",NA
"5613",1
"5614",1
"5615",NA
"5616",NA
"5617",NA
"5618",NA
"5619",1
"5620",NA
"5621",-1
"5622",NA
"5623",NA
"5624",1
"5625",NA
"5626",1
"5627",NA
"5628",NA
"5629",NA
"5630",NA
"5631",NA
"5632",NA
"5633",-1
"5634",NA
"5635",NA
"5636",NA
"5637",NA
"5638",NA
"5639",NA
"5640",1
"5641",NA
"5642",NA
"5643",NA
"5644",NA
"5645",1
"5646",1
"5647",NA
"5648",NA
"5649",NA
"5650",NA
"5651",-1
"5652",-1
"5653",NA
"5654",NA
"5655",NA
"5656",NA
"5657",NA
"5658",NA
"5659",NA
"5660",NA
"5661",NA
"5662",NA
"5663",NA
"5664",NA
"5665",NA
"5666",NA
"5667",NA
"5668",1
"5669",-1
"5670",-1
"5671",NA
"5672",-1
"5673",NA
"5674",NA
"5675",NA
"5676",NA
"5677",NA
"5678",NA
"5679",1
"5680",NA
"5681",NA
"5682",NA
"5683",NA
"5684",-1
"5685",NA
"5686",NA
"5687",1
"5688",NA
"5689",0
"5690",NA
"5691",NA
"5692",NA
"5693",1
"5694",NA
"5695",NA
"5696",NA
"5697",0.333333333333333
"5698",NA
"5699",NA
"5700",-1
"5701",1
"5702",NA
"5703",NA
"5704",NA
"5705",0
"5706",-1
"5707",NA
"5708",NA
"5709",NA
"5710",-1
"5711",NA
"5712",-1
"5713",NA
"5714",NA
"5715",NA
"5716",NA
"5717",NA
"5718",NA
"5719",NA
"5720",1
"5721",NA
"5722",NA
"5723",NA
"5724",NA
"5725",NA
"5726",NA
"5727",NA
"5728",NA
"5729",NA
"5730",NA
"5731",NA
"5732",1
"5733",NA
"5734",NA
"5735",NA
"5736",NA
"5737",-1
"5738",NA
"5739",NA
"5740",1
"5741",1
"5742",1
"5743",NA
"5744",1
"5745",NA
"5746",NA
"5747",NA
"5748",1
"5749",0.333333333333333
"5750",1
"5751",1
"5752",-1
"5753",NA
"5754",-0.5
"5755",-0.2
"5756",0.5
"5757",NA
"5758",NA
"5759",0.333333333333333
"5760",NA
"5761",NA
"5762",NA
"5763",NA
"5764",NA
"5765",NA
"5766",NA
"5767",NA
"5768",NA
"5769",NA
"5770",NA
"5771",NA
"5772",NA
"5773",NA
"5774",NA
"5775",0.333333333333333
"5776",NA
"5777",NA
"5778",NA
"5779",1
"5780",NA
"5781",1
"5782",NA
"5783",NA
"5784",1
"5785",1
"5786",NA
"5787",1
"5788",NA
"5789",NA
"5790",NA
"5791",NA
"5792",NA
"5793",-1
"5794",NA
"5795",NA
"5796",NA
"5797",NA
"5798",NA
"5799",NA
"5800",NA
"5801",NA
"5802",1
"5803",NA
"5804",NA
"5805",0.333333333333333
"5806",NA
"5807",1
"5808",NA
"5809",NA
"5810",NA
"5811",1
"5812",NA
"5813",NA
"5814",NA
"5815",NA
"5816",NA
"5817",NA
"5818",NA
"5819",-1
"5820",-1
"5821",NA
"5822",NA
"5823",NA
"5824",NA
"5825",NA
"5826",NA
"5827",NA
"5828",NA
"5829",NA
"5830",NA
"5831",NA
"5832",NA
"5833",NA
"5834",NA
"5835",NA
"5836",NA
"5837",NA
"5838",NA
"5839",NA
"5840",NA
"5841",NA
"5842",NA
"5843",NA
"5844",NA
"5845",NA
"5846",NA
"5847",1
"5848",NA
"5849",1
"5850",1
"5851",NA
"5852",NA
"5853",NA
"5854",NA
"5855",1
"5856",NA
"5857",1
"5858",NA
"5859",1
"5860",NA
"5861",NA
"5862",NA
"5863",NA
"5864",NA
"5865",-1
"5866",NA
"5867",1
"5868",NA
"5869",1
"5870",1
"5871",NA
"5872",NA
"5873",NA
"5874",NA
"5875",NA
"5876",NA
"5877",NA
"5878",1
"5879",NA
"5880",-1
"5881",NA
"5882",NA
"5883",NA
"5884",NA
"5885",NA
"5886",NA
"5887",NA
"5888",NA
"5889",NA
"5890",NA
"5891",NA
"5892",NA
"5893",NA
"5894",NA
"5895",NA
"5896",NA
"5897",NA
"5898",NA
"5899",NA
"5900",NA
"5901",NA
"5902",NA
"5903",NA
"5904",NA
"5905",NA
"5906",NA
"5907",NA
"5908",NA
"5909",NA
"5910",1
"5911",NA
"5912",NA
"5913",NA
"5914",NA
"5915",NA
"5916",NA
"5917",NA
"5918",NA
"5919",NA
"5920",NA
"5921",0.333333333333333
"5922",1
"5923",NA
"5924",1
"5925",NA
"5926",NA
"5927",NA
"5928",-1
"5929",-1
"5930",NA
"5931",NA
"5932",NA
"5933",NA
"5934",NA
"5935",NA
"5936",NA
"5937",NA
"5938",NA
"5939",NA
"5940",NA
"5941",NA
"5942",NA
"5943",1
"5944",1
"5945",NA
"5946",NA
"5947",1
"5948",1
"5949",NA
"5950",1
"5951",NA
"5952",NA
"5953",-1
"5954",1
"5955",1
"5956",NA
"5957",NA
"5958",NA
"5959",NA
"5960",NA
"5961",NA
"5962",NA
"5963",NA
"5964",NA
"5965",NA
"5966",NA
"5967",NA
"5968",NA
"5969",NA
"5970",NA
"5971",NA
"5972",NA
"5973",NA
"5974",NA
"5975",NA
"5976",NA
"5977",1
"5978",1
"5979",1
"5980",1
"5981",NA
"5982",1
"5983",NA
"5984",-1
"5985",1
"5986",NA
"5987",1
"5988",1
"5989",1
"5990",0.333333333333333
"5991",1
"5992",NA
"5993",1
"5994",NA
"5995",0.25
"5996",1
"5997",1
"5998",1
"5999",NA
"6000",1
"6001",NA
"6002",NA
"6003",1
"6004",1
"6005",NA
"6006",NA
"6007",NA
"6008",NA
"6009",NA
"6010",NA
"6011",NA
"6012",1
"6013",1
"6014",NA
"6015",NA
"6016",NA
"6017",-1
"6018",NA
"6019",NA
"6020",1
"6021",NA
"6022",NA
"6023",NA
"6024",NA
"6025",NA
"6026",NA
"6027",NA
"6028",1
"6029",1
"6030",NA
"6031",1
"6032",1
"6033",NA
"6034",NA
"6035",1
"6036",-1
"6037",NA
"6038",NA
"6039",NA
"6040",NA
"6041",NA
"6042",NA
"6043",NA
"6044",NA
"6045",NA
"6046",NA
"6047",NA
"6048",NA
"6049",NA
"6050",NA
"6051",0
"6052",1
"6053",1
"6054",NA
"6055",NA
"6056",1
"6057",0.666666666666667
"6058",NA
"6059",1
"6060",1
"6061",0.666666666666667
"6062",NA
"6063",1
"6064",1
"6065",1
"6066",NA
"6067",1
"6068",NA
"6069",0.142857142857143
"6070",NA
"6071",1
"6072",NA
"6073",NA
"6074",NA
"6075",NA
"6076",NA
"6077",1
"6078",NA
"6079",NA
"6080",-1
"6081",1
"6082",1
"6083",NA
"6084",NA
"6085",NA
"6086",NA
"6087",NA
"6088",NA
"6089",NA
"6090",NA
"6091",NA
"6092",NA
"6093",NA
"6094",NA
"6095",NA
"6096",NA
"6097",NA
"6098",NA
"6099",NA
"6100",NA
"6101",NA
"6102",NA
"6103",NA
"6104",NA
"6105",NA
"6106",NA
"6107",NA
"6108",NA
"6109",NA
"6110",NA
"6111",NA
"6112",NA
"6113",NA
"6114",NA
"6115",NA
"6116",NA
"6117",NA
"6118",NA
"6119",NA
"6120",NA
"6121",NA
"6122",NA
"6123",NA
"6124",NA
"6125",NA
"6126",1
"6127",NA
"6128",NA
"6129",NA
"6130",NA
"6131",NA
"6132",1
"6133",NA
"6134",1
"6135",1
"6136",NA
"6137",NA
"6138",NA
"6139",NA
"6140",NA
"6141",NA
"6142",NA
"6143",NA
"6144",NA
"6145",NA
"6146",NA
"6147",NA
"6148",NA
"6149",NA
"6150",NA
"6151",1
"6152",NA
"6153",NA
"6154",NA
"6155",NA
"6156",NA
"6157",NA
"6158",NA
"6159",NA
"6160",NA
"6161",NA
"6162",1
"6163",NA
"6164",NA
"6165",1
"6166",NA
"6167",NA
"6168",NA
"6169",NA
"6170",NA
"6171",NA
"6172",NA
"6173",NA
"6174",NA
"6175",NA
"6176",1
"6177",1
"6178",1
"6179",1
"6180",1
"6181",1
"6182",NA
"6183",NA
"6184",NA
"6185",NA
"6186",NA
"6187",NA
"6188",NA
"6189",NA
"6190",NA
"6191",NA
"6192",NA
"6193",NA
"6194",1
"6195",NA
"6196",1
"6197",1
"6198",NA
"6199",NA
"6200",-0.6
"6201",-0.6
"6202",NA
"6203",NA
"6204",NA
"6205",NA
"6206",NA
"6207",NA
"6208",NA
"6209",NA
"6210",NA
"6211",NA
"6212",NA
"6213",NA
"6214",1
"6215",NA
"6216",NA
"6217",NA
"6218",NA
"6219",NA
"6220",NA
"6221",NA
"6222",NA
"6223",NA
"6224",NA
"6225",NA
"6226",NA
"6227",NA
"6228",NA
"6229",NA
"6230",NA
"6231",NA
"6232",NA
"6233",NA
"6234",-1
"6235",1
"6236",NA
"6237",NA
"6238",1
"6239",1
"6240",NA
"6241",NA
"6242",NA
"6243",NA
"6244",NA
"6245",1
"6246",NA
"6247",NA
"6248",NA
"6249",NA
"6250",NA
"6251",NA
"6252",NA
"6253",NA
"6254",NA
"6255",NA
"6256",NA
"6257",NA
"6258",NA
"6259",NA
"6260",NA
"6261",NA
"6262",NA
"6263",0
"6264",NA
"6265",NA
"6266",NA
"6267",NA
"6268",1
"6269",NA
"6270",NA
"6271",NA
"6272",NA
"6273",NA
"6274",NA
"6275",0
"6276",-1
"6277",NA
"6278",0
"6279",NA
"6280",1
"6281",NA
"6282",NA
"6283",NA
"6284",NA
"6285",NA
"6286",NA
"6287",NA
"6288",NA
"6289",NA
"6290",NA
"6291",NA
"6292",NA
"6293",1
"6294",NA
"6295",-1
"6296",0
"6297",NA
"6298",NA
"6299",NA
"6300",-0.333333333333333
"6301",0
"6302",1
"6303",NA
"6304",NA
"6305",NA
"6306",-1
"6307",-1
"6308",-1
"6309",NA
"6310",0
"6311",NA
"6312",NA
"6313",1
"6314",1
"6315",NA
"6316",1
"6317",1
"6318",1
"6319",0.333333333333333
"6320",NA
"6321",NA
"6322",NA
"6323",NA
"6324",-1
"6325",1
"6326",-1
"6327",NA
"6328",NA
"6329",1
"6330",NA
"6331",NA
"6332",-1
"6333",NA
"6334",NA
"6335",1
"6336",NA
"6337",NA
"6338",NA
"6339",NA
"6340",NA
"6341",NA
"6342",-0.333333333333333
"6343",-0.2
"6344",NA
"6345",NA
"6346",0
"6347",NA
"6348",NA
"6349",1
"6350",NA
"6351",NA
"6352",NA
"6353",1
"6354",NA
"6355",NA
"6356",1
"6357",1
"6358",1
"6359",NA
"6360",1
"6361",NA
"6362",NA
"6363",NA
"6364",1
"6365",1
"6366",NA
"6367",1
"6368",NA
"6369",NA
"6370",NA
"6371",NA
"6372",NA
"6373",0
"6374",NA
"6375",NA
"6376",1
"6377",NA
"6378",NA
"6379",NA
"6380",NA
"6381",NA
"6382",NA
"6383",NA
"6384",1
"6385",NA
"6386",NA
"6387",NA
"6388",NA
"6389",NA
"6390",NA
"6391",NA
"6392",NA
"6393",NA
"6394",NA
"6395",1
"6396",NA
"6397",NA
"6398",NA
"6399",NA
"6400",NA
"6401",NA
"6402",NA
"6403",1
"6404",NA
"6405",NA
"6406",-1
"6407",1
"6408",NA
"6409",NA
"6410",-1
"6411",NA
"6412",NA
"6413",NA
"6414",NA
"6415",NA
"6416",NA
"6417",NA
"6418",1
"6419",NA
"6420",-1
"6421",NA
"6422",-1
"6423",NA
"6424",NA
"6425",NA
"6426",NA
"6427",-1
"6428",1
"6429",NA
"6430",NA
"6431",NA
"6432",NA
"6433",NA
"6434",NA
"6435",NA
"6436",NA
"6437",NA
"6438",NA
"6439",NA
"6440",0
"6441",NA
"6442",1
"6443",NA
"6444",NA
"6445",NA
"6446",NA
"6447",1
"6448",1
"6449",NA
"6450",1
"6451",NA
"6452",NA
"6453",NA
"6454",NA
"6455",NA
"6456",NA
"6457",NA
"6458",NA
"6459",NA
"6460",NA
"6461",NA
"6462",NA
"6463",NA
"6464",NA
"6465",NA
"6466",NA
"6467",1
"6468",NA
"6469",NA
"6470",-1
"6471",NA
"6472",NA
"6473",NA
"6474",NA
"6475",NA
"6476",NA
"6477",NA
"6478",1
"6479",NA
"6480",NA
"6481",NA
"6482",NA
"6483",NA
"6484",1
"6485",NA
"6486",NA
"6487",NA
"6488",NA
"6489",NA
"6490",NA
"6491",1
"6492",1
"6493",1
"6494",NA
"6495",0
"6496",0
"6497",1
"6498",1
"6499",-1
"6500",NA
"6501",NA
"6502",NA
"6503",1
"6504",1
"6505",NA
"6506",NA
"6507",NA
"6508",NA
"6509",NA
"6510",NA
"6511",NA
"6512",NA
"6513",NA
"6514",-1
"6515",NA
"6516",1
"6517",1
"6518",-1
"6519",NA
"6520",-1
"6521",NA
"6522",NA
"6523",NA
"6524",1
"6525",NA
"6526",1
"6527",NA
"6528",1
"6529",NA
"6530",NA
"6531",1
"6532",1
"6533",NA
"6534",NA
"6535",-1
"6536",NA
"6537",NA
"6538",NA
"6539",NA
"6540",1
"6541",NA
"6542",NA
"6543",NA
"6544",NA
"6545",NA
"6546",NA
"6547",NA
"6548",NA
"6549",NA
"6550",NA
"6551",NA
"6552",NA
"6553",NA
"6554",NA
"6555",NA
"6556",NA
"6557",NA
"6558",NA
"6559",NA
"6560",NA
"6561",NA
"6562",NA
"6563",NA
"6564",NA
"6565",NA
"6566",NA
"6567",NA
"6568",NA
"6569",NA
"6570",NA
"6571",NA
"6572",NA
"6573",NA
"6574",NA
"6575",NA
"6576",1
"6577",1
"6578",NA
"6579",0.5
"6580",NA
"6581",NA
"6582",1
"6583",NA
"6584",1
"6585",1
"6586",1
"6587",1
"6588",NA
"6589",NA
"6590",0.2
"6591",NA
"6592",-1
"6593",1
"6594",1
"6595",-1
"6596",1
"6597",NA
"6598",NA
"6599",1
"6600",0.5
"6601",NA
"6602",NA
"6603",NA
"6604",NA
"6605",NA
"6606",0.4
"6607",0.333333333333333
"6608",0.333333333333333
"6609",0.333333333333333
"6610",0.2
"6611",NA
"6612",0.2
"6613",NA
"6614",NA
"6615",-1
"6616",-1
"6617",NA
"6618",NA
"6619",0.666666666666667
"6620",NA
"6621",NA
"6622",NA
"6623",0.333333333333333
"6624",-1
"6625",NA
"6626",1
"6627",1
"6628",1
"6629",NA
"6630",1
"6631",1
"6632",1
"6633",1
"6634",NA
"6635",1
"6636",NA
"6637",0.6
"6638",1
"6639",NA
"6640",0
"6641",NA
"6642",NA
"6643",0.666666666666667
"6644",1
"6645",0.5
"6646",0.333333333333333
"6647",NA
"6648",NA
"6649",NA
"6650",1
"6651",1
"6652",1
"6653",NA
"6654",1
"6655",NA
"6656",-0.2
"6657",NA
"6658",-1
"6659",0.333333333333333
"6660",0.2
"6661",NA
"6662",1
"6663",NA
"6664",0.666666666666667
"6665",0.6
"6666",1
"6667",1
"6668",NA
"6669",NA
"6670",1
"6671",1
"6672",1
"6673",1
"6674",1
"6675",NA
"6676",1
"6677",1
"6678",1
"6679",NA
"6680",1
"6681",NA
"6682",1
"6683",0.5
"6684",1
"6685",NA
"6686",NA
"6687",1
"6688",1
"6689",NA
"6690",0.5
"6691",NA
"6692",-0.555555555555556
"6693",-0.6
"6694",-1
"6695",-1
"6696",NA
"6697",NA
"6698",0.6
"6699",0.333333333333333
"6700",NA
"6701",1
"6702",1
"6703",NA
"6704",1
"6705",1
"6706",NA
"6707",1
"6708",1
"6709",1
"6710",1
"6711",1
"6712",NA
"6713",NA
"6714",NA
"6715",NA
"6716",NA
"6717",1
"6718",0.714285714285714
"6719",0.428571428571429
